[     142ms] [LOG] [Fast Refresh] rebuilding @ http://localhost:3000/_next/static/chunks/node_modules_next_dist_115brz8._.js:2431
[    3591ms] [LOG] [Fast Refresh] done in 3562ms @ http://localhost:3000/_next/static/chunks/node_modules_next_dist_115brz8._.js:2431
[    3966ms] [INFO] %cDownload the React DevTools for a better development experience: https://react.dev/link/react-devtools font-weight:bold @ http://localhost:3000/_next/static/chunks/node_modules_next_dist_115brz8._.js:2431
[    4068ms] [LOG] [HMR] connected @ http://localhost:3000/_next/static/chunks/node_modules_next_dist_115brz8._.js:2431
[    4261ms] [LOG] [RQ] user ["auth","me"] → FETCH @ http://localhost:3000/_next/static/chunks/node_modules_next_dist_115brz8._.js:2431
[    4267ms] [LOG] [RQ] user ["auth","me"] → FETCH @ http://localhost:3000/_next/static/chunks/node_modules_next_dist_115brz8._.js:2431
[    6255ms] [LOG] [RQ] user ["auth","me"] → FETCH @ http://localhost:3000/_next/static/chunks/node_modules_next_dist_115brz8._.js:2431
[    6256ms] [LOG] [RQ] user ["auth","me"] → FETCH @ http://localhost:3000/_next/static/chunks/node_modules_next_dist_115brz8._.js:2431
[    7330ms] [LOG] [RQ] user ["auth","me"] → CACHE_HIT @ http://localhost:3000/_next/static/chunks/node_modules_next_dist_115brz8._.js:2431
[    7334ms] [LOG] [RQ] user ["auth","me"] → CACHE_HIT @ http://localhost:3000/_next/static/chunks/node_modules_next_dist_115brz8._.js:2431
[    7337ms] [LOG] [RQ] static ["admin","organization","detail"] → FETCH @ http://localhost:3000/_next/static/chunks/node_modules_next_dist_115brz8._.js:2431
[    7339ms] [LOG] [RQ] static ["admin","organization","detail"] → FETCH @ http://localhost:3000/_next/static/chunks/node_modules_next_dist_115brz8._.js:2431
[    7519ms] [WARNING] [useAsyncQuery] Missing meta.preset for key "["admin","schoolYears","list",null]". Defaulting to "list". Add meta: { preset: 'static' | 'user' | 'list' | 'detail' | 'realtime' }. @ http://localhost:3000/_next/static/chunks/node_modules_next_dist_115brz8._.js:2431
[    7519ms] [LOG] [RQ] list ["admin","schoolYears","list",null] → FETCH @ http://localhost:3000/_next/static/chunks/node_modules_next_dist_115brz8._.js:2431
[    7521ms] [WARNING] [useAsyncQuery] Missing meta.preset for key "["admin","studentEnrollment","list",{"schoolYearId":"","page":1,"limit":20}]". Defaulting to "list". Add meta: { preset: 'static' | 'user' | 'list' | 'detail' | 'realtime' }. @ http://localhost:3000/_next/static/chunks/node_modules_next_dist_115brz8._.js:2431
[    7522ms] [LOG] [RQ] list ["admin","studentEnrollment","list",{"schoolYearId":"","page":1,"limit":20}] → FETCH @ http://localhost:3000/_next/static/chunks/node_modules_next_dist_115brz8._.js:2431
[    7523ms] [LOG] [RQ] list ["admin","students","list",null] → FETCH @ http://localhost:3000/_next/static/chunks/node_modules_next_dist_115brz8._.js:2431
[    7524ms] [WARNING] [useAsyncQuery] Missing meta.preset for key "["admin","schoolYears","readiness",""]". Defaulting to "list". Add meta: { preset: 'static' | 'user' | 'list' | 'detail' | 'realtime' }. @ http://localhost:3000/_next/static/chunks/node_modules_next_dist_115brz8._.js:2431
[    7525ms] [LOG] [RQ] list ["admin","schoolYears","readiness",""] → FETCH @ http://localhost:3000/_next/static/chunks/node_modules_next_dist_115brz8._.js:2431
[    7527ms] [WARNING] [useAsyncQuery] Missing meta.preset for key "["admin","sections",null,null,null,null]". Defaulting to "list". Add meta: { preset: 'static' | 'user' | 'list' | 'detail' | 'realtime' }. @ http://localhost:3000/_next/static/chunks/node_modules_next_dist_115brz8._.js:2431
[    7528ms] [LOG] [RQ] list ["admin","sections",null,null,null,null] → FETCH @ http://localhost:3000/_next/static/chunks/node_modules_next_dist_115brz8._.js:2431
[    7532ms] [WARNING] [useAsyncQuery] Missing meta.preset for key "["admin","schoolYears","list",null]". Defaulting to "list". Add meta: { preset: 'static' | 'user' | 'list' | 'detail' | 'realtime' }. @ http://localhost:3000/_next/static/chunks/node_modules_next_dist_115brz8._.js:2431
[    7532ms] [LOG] [RQ] list ["admin","schoolYears","list",null] → FETCH @ http://localhost:3000/_next/static/chunks/node_modules_next_dist_115brz8._.js:2431
[    7533ms] [WARNING] [useAsyncQuery] Missing meta.preset for key "["admin","studentEnrollment","list",{"schoolYearId":"","page":1,"limit":20}]". Defaulting to "list". Add meta: { preset: 'static' | 'user' | 'list' | 'detail' | 'realtime' }. @ http://localhost:3000/_next/static/chunks/node_modules_next_dist_115brz8._.js:2431
[    7534ms] [LOG] [RQ] list ["admin","studentEnrollment","list",{"schoolYearId":"","page":1,"limit":20}] → FETCH @ http://localhost:3000/_next/static/chunks/node_modules_next_dist_115brz8._.js:2431
[    7535ms] [LOG] [RQ] list ["admin","students","list",null] → FETCH @ http://localhost:3000/_next/static/chunks/node_modules_next_dist_115brz8._.js:2431
[    7536ms] [WARNING] [useAsyncQuery] Missing meta.preset for key "["admin","schoolYears","readiness",""]". Defaulting to "list". Add meta: { preset: 'static' | 'user' | 'list' | 'detail' | 'realtime' }. @ http://localhost:3000/_next/static/chunks/node_modules_next_dist_115brz8._.js:2431
[    7537ms] [LOG] [RQ] list ["admin","schoolYears","readiness",""] → FETCH @ http://localhost:3000/_next/static/chunks/node_modules_next_dist_115brz8._.js:2431
[    7538ms] [WARNING] [useAsyncQuery] Missing meta.preset for key "["admin","sections",null,null,null,null]". Defaulting to "list". Add meta: { preset: 'static' | 'user' | 'list' | 'detail' | 'realtime' }. @ http://localhost:3000/_next/static/chunks/node_modules_next_dist_115brz8._.js:2431
[    7539ms] [LOG] [RQ] list ["admin","sections",null,null,null,null] → FETCH @ http://localhost:3000/_next/static/chunks/node_modules_next_dist_115brz8._.js:2431
[    7554ms] [WARNING] [useAsyncQuery] Missing meta.preset for key "["admin","organization","detail"]". Defaulting to "list". Add meta: { preset: 'static' | 'user' | 'list' | 'detail' | 'realtime' }. @ http://localhost:3000/_next/static/chunks/node_modules_next_dist_115brz8._.js:2431
[    7555ms] [LOG] [RQ] list ["admin","organization","detail"] → FETCH @ http://localhost:3000/_next/static/chunks/node_modules_next_dist_115brz8._.js:2431
[    7556ms] [WARNING] [useAsyncQuery] Missing meta.preset for key "["admin","organization","detail"]". Defaulting to "list". Add meta: { preset: 'static' | 'user' | 'list' | 'detail' | 'realtime' }. @ http://localhost:3000/_next/static/chunks/node_modules_next_dist_115brz8._.js:2431
[    7556ms] [LOG] [RQ] list ["admin","organization","detail"] → FETCH @ http://localhost:3000/_next/static/chunks/node_modules_next_dist_115brz8._.js:2431
[    7929ms] [LOG] [Fast Refresh] rebuilding @ http://localhost:3000/_next/static/chunks/node_modules_next_dist_115brz8._.js:2431
[    7962ms] [LOG] [Fast Refresh] done in 154ms @ http://localhost:3000/_next/static/chunks/node_modules_next_dist_115brz8._.js:2431
[    8115ms] [LOG] [Fast Refresh] rebuilding @ http://localhost:3000/_next/static/chunks/node_modules_next_dist_115brz8._.js:2431
[    8156ms] [LOG] [Fast Refresh] done in 146ms @ http://localhost:3000/_next/static/chunks/node_modules_next_dist_115brz8._.js:2431
[   10230ms] [LOG] [RQ] static ["admin","organization","detail"] → CACHE_HIT @ http://localhost:3000/_next/static/chunks/node_modules_next_dist_115brz8._.js:2431
[   10232ms] [LOG] [RQ] static ["admin","organization","detail"] → CACHE_HIT @ http://localhost:3000/_next/static/chunks/node_modules_next_dist_115brz8._.js:2431
[   10236ms] [WARNING] [useAsyncQuery] Missing meta.preset for key "["admin","schoolYears","list",null]". Defaulting to "list". Add meta: { preset: 'static' | 'user' | 'list' | 'detail' | 'realtime' }. @ http://localhost:3000/_next/static/chunks/node_modules_next_dist_115brz8._.js:2431
[   10237ms] [LOG] [RQ] list ["admin","schoolYears","list",null] → FETCH @ http://localhost:3000/_next/static/chunks/node_modules_next_dist_115brz8._.js:2431
[   10239ms] [WARNING] [useAsyncQuery] Missing meta.preset for key "["admin","studentEnrollment","list",{"schoolYearId":"","page":1,"limit":20}]". Defaulting to "list". Add meta: { preset: 'static' | 'user' | 'list' | 'detail' | 'realtime' }. @ http://localhost:3000/_next/static/chunks/node_modules_next_dist_115brz8._.js:2431
[   10241ms] [LOG] [RQ] list ["admin","studentEnrollment","list",{"schoolYearId":"","page":1,"limit":20}] → FETCH @ http://localhost:3000/_next/static/chunks/node_modules_next_dist_115brz8._.js:2431
[   10243ms] [LOG] [RQ] list ["admin","students","list",null] → FETCH @ http://localhost:3000/_next/static/chunks/node_modules_next_dist_115brz8._.js:2431
[   10245ms] [WARNING] [useAsyncQuery] Missing meta.preset for key "["admin","schoolYears","readiness",""]". Defaulting to "list". Add meta: { preset: 'static' | 'user' | 'list' | 'detail' | 'realtime' }. @ http://localhost:3000/_next/static/chunks/node_modules_next_dist_115brz8._.js:2431
[   10246ms] [LOG] [RQ] list ["admin","schoolYears","readiness",""] → FETCH @ http://localhost:3000/_next/static/chunks/node_modules_next_dist_115brz8._.js:2431
[   10248ms] [WARNING] [useAsyncQuery] Missing meta.preset for key "["admin","sections",null,null,null,null]". Defaulting to "list". Add meta: { preset: 'static' | 'user' | 'list' | 'detail' | 'realtime' }. @ http://localhost:3000/_next/static/chunks/node_modules_next_dist_115brz8._.js:2431
[   10249ms] [LOG] [RQ] list ["admin","sections",null,null,null,null] → FETCH @ http://localhost:3000/_next/static/chunks/node_modules_next_dist_115brz8._.js:2431
[   10253ms] [WARNING] [useAsyncQuery] Missing meta.preset for key "["admin","schoolYears","list",null]". Defaulting to "list". Add meta: { preset: 'static' | 'user' | 'list' | 'detail' | 'realtime' }. @ http://localhost:3000/_next/static/chunks/node_modules_next_dist_115brz8._.js:2431
[   10254ms] [LOG] [RQ] list ["admin","schoolYears","list",null] → FETCH @ http://localhost:3000/_next/static/chunks/node_modules_next_dist_115brz8._.js:2431
[   10256ms] [WARNING] [useAsyncQuery] Missing meta.preset for key "["admin","studentEnrollment","list",{"schoolYearId":"","page":1,"limit":20}]". Defaulting to "list". Add meta: { preset: 'static' | 'user' | 'list' | 'detail' | 'realtime' }. @ http://localhost:3000/_next/static/chunks/node_modules_next_dist_115brz8._.js:2431
[   10258ms] [LOG] [RQ] list ["admin","studentEnrollment","list",{"schoolYearId":"","page":1,"limit":20}] → FETCH @ http://localhost:3000/_next/static/chunks/node_modules_next_dist_115brz8._.js:2431
[   10259ms] [LOG] [RQ] list ["admin","students","list",null] → FETCH @ http://localhost:3000/_next/static/chunks/node_modules_next_dist_115brz8._.js:2431
[   10261ms] [WARNING] [useAsyncQuery] Missing meta.preset for key "["admin","schoolYears","readiness",""]". Defaulting to "list". Add meta: { preset: 'static' | 'user' | 'list' | 'detail' | 'realtime' }. @ http://localhost:3000/_next/static/chunks/node_modules_next_dist_115brz8._.js:2431
[   10263ms] [LOG] [RQ] list ["admin","schoolYears","readiness",""] → FETCH @ http://localhost:3000/_next/static/chunks/node_modules_next_dist_115brz8._.js:2431
[   10264ms] [WARNING] [useAsyncQuery] Missing meta.preset for key "["admin","sections",null,null,null,null]". Defaulting to "list". Add meta: { preset: 'static' | 'user' | 'list' | 'detail' | 'realtime' }. @ http://localhost:3000/_next/static/chunks/node_modules_next_dist_115brz8._.js:2431
[   10265ms] [LOG] [RQ] list ["admin","sections",null,null,null,null] → FETCH @ http://localhost:3000/_next/static/chunks/node_modules_next_dist_115brz8._.js:2431
[   10282ms] [WARNING] [useAsyncQuery] Missing meta.preset for key "["admin","organization","detail"]". Defaulting to "list". Add meta: { preset: 'static' | 'user' | 'list' | 'detail' | 'realtime' }. @ http://localhost:3000/_next/static/chunks/node_modules_next_dist_115brz8._.js:2431
[   10283ms] [LOG] [RQ] list ["admin","organization","detail"] → CACHE_HIT @ http://localhost:3000/_next/static/chunks/node_modules_next_dist_115brz8._.js:2431
[   10284ms] [WARNING] [useAsyncQuery] Missing meta.preset for key "["admin","organization","detail"]". Defaulting to "list". Add meta: { preset: 'static' | 'user' | 'list' | 'detail' | 'realtime' }. @ http://localhost:3000/_next/static/chunks/node_modules_next_dist_115brz8._.js:2431
[   10285ms] [LOG] [RQ] list ["admin","organization","detail"] → CACHE_HIT @ http://localhost:3000/_next/static/chunks/node_modules_next_dist_115brz8._.js:2431
[   10298ms] [WARNING] [useAsyncQuery] Missing meta.preset for key "["admin","schoolYears","list",null]". Defaulting to "list". Add meta: { preset: 'static' | 'user' | 'list' | 'detail' | 'realtime' }. @ http://localhost:3000/_next/static/chunks/node_modules_next_dist_115brz8._.js:2431
[   10298ms] [LOG] [RQ] list ["admin","schoolYears","list",null] → FETCH @ http://localhost:3000/_next/static/chunks/node_modules_next_dist_115brz8._.js:2431
[   10299ms] [WARNING] [useAsyncQuery] Missing meta.preset for key "["admin","studentEnrollment","list",{"schoolYearId":"","page":1,"limit":20}]". Defaulting to "list". Add meta: { preset: 'static' | 'user' | 'list' | 'detail' | 'realtime' }. @ http://localhost:3000/_next/static/chunks/node_modules_next_dist_115brz8._.js:2431
[   10299ms] [LOG] [RQ] list ["admin","studentEnrollment","list",{"schoolYearId":"","page":1,"limit":20}] → FETCH @ http://localhost:3000/_next/static/chunks/node_modules_next_dist_115brz8._.js:2431
[   10299ms] [LOG] [RQ] list ["admin","students","list",null] → FETCH @ http://localhost:3000/_next/static/chunks/node_modules_next_dist_115brz8._.js:2431
[   10300ms] [WARNING] [useAsyncQuery] Missing meta.preset for key "["admin","schoolYears","readiness",""]". Defaulting to "list". Add meta: { preset: 'static' | 'user' | 'list' | 'detail' | 'realtime' }. @ http://localhost:3000/_next/static/chunks/node_modules_next_dist_115brz8._.js:2431
[   10300ms] [LOG] [RQ] list ["admin","schoolYears","readiness",""] → FETCH @ http://localhost:3000/_next/static/chunks/node_modules_next_dist_115brz8._.js:2431
[   10301ms] [WARNING] [useAsyncQuery] Missing meta.preset for key "["admin","sections",null,null,null,null]". Defaulting to "list". Add meta: { preset: 'static' | 'user' | 'list' | 'detail' | 'realtime' }. @ http://localhost:3000/_next/static/chunks/node_modules_next_dist_115brz8._.js:2431
[   10301ms] [LOG] [RQ] list ["admin","sections",null,null,null,null] → FETCH @ http://localhost:3000/_next/static/chunks/node_modules_next_dist_115brz8._.js:2431
[   10302ms] [WARNING] [useAsyncQuery] Missing meta.preset for key "["admin","schoolYears","list",null]". Defaulting to "list". Add meta: { preset: 'static' | 'user' | 'list' | 'detail' | 'realtime' }. @ http://localhost:3000/_next/static/chunks/node_modules_next_dist_115brz8._.js:2431
[   10303ms] [LOG] [RQ] list ["admin","schoolYears","list",null] → FETCH @ http://localhost:3000/_next/static/chunks/node_modules_next_dist_115brz8._.js:2431
[   10303ms] [WARNING] [useAsyncQuery] Missing meta.preset for key "["admin","studentEnrollment","list",{"schoolYearId":"","page":1,"limit":20}]". Defaulting to "list". Add meta: { preset: 'static' | 'user' | 'list' | 'detail' | 'realtime' }. @ http://localhost:3000/_next/static/chunks/node_modules_next_dist_115brz8._.js:2431
[   10304ms] [LOG] [RQ] list ["admin","studentEnrollment","list",{"schoolYearId":"","page":1,"limit":20}] → FETCH @ http://localhost:3000/_next/static/chunks/node_modules_next_dist_115brz8._.js:2431
[   10305ms] [LOG] [RQ] list ["admin","students","list",null] → FETCH @ http://localhost:3000/_next/static/chunks/node_modules_next_dist_115brz8._.js:2431
[   10306ms] [WARNING] [useAsyncQuery] Missing meta.preset for key "["admin","schoolYears","readiness",""]". Defaulting to "list". Add meta: { preset: 'static' | 'user' | 'list' | 'detail' | 'realtime' }. @ http://localhost:3000/_next/static/chunks/node_modules_next_dist_115brz8._.js:2431
[   10307ms] [LOG] [RQ] list ["admin","schoolYears","readiness",""] → FETCH @ http://localhost:3000/_next/static/chunks/node_modules_next_dist_115brz8._.js:2431
[   10307ms] [WARNING] [useAsyncQuery] Missing meta.preset for key "["admin","sections",null,null,null,null]". Defaulting to "list". Add meta: { preset: 'static' | 'user' | 'list' | 'detail' | 'realtime' }. @ http://localhost:3000/_next/static/chunks/node_modules_next_dist_115brz8._.js:2431
[   10308ms] [LOG] [RQ] list ["admin","sections",null,null,null,null] → FETCH @ http://localhost:3000/_next/static/chunks/node_modules_next_dist_115brz8._.js:2431
[   10441ms] [WARNING] [useAsyncQuery] Missing meta.preset for key "["admin","schoolYears","list",null]". Defaulting to "list". Add meta: { preset: 'static' | 'user' | 'list' | 'detail' | 'realtime' }. @ http://localhost:3000/_next/static/chunks/node_modules_next_dist_115brz8._.js:2431
[   10442ms] [LOG] [RQ] list ["admin","schoolYears","list",null] → FETCH @ http://localhost:3000/_next/static/chunks/node_modules_next_dist_115brz8._.js:2431
[   10443ms] [WARNING] [useAsyncQuery] Missing meta.preset for key "["admin","studentEnrollment","list",{"schoolYearId":"","page":1,"limit":20}]". Defaulting to "list". Add meta: { preset: 'static' | 'user' | 'list' | 'detail' | 'realtime' }. @ http://localhost:3000/_next/static/chunks/node_modules_next_dist_115brz8._.js:2431
[   10444ms] [LOG] [RQ] list ["admin","studentEnrollment","list",{"schoolYearId":"","page":1,"limit":20}] → FETCH @ http://localhost:3000/_next/static/chunks/node_modules_next_dist_115brz8._.js:2431
[   10445ms] [LOG] [RQ] list ["admin","students","list",null] → CACHE_HIT @ http://localhost:3000/_next/static/chunks/node_modules_next_dist_115brz8._.js:2431
[   10445ms] [WARNING] [useAsyncQuery] Missing meta.preset for key "["admin","schoolYears","readiness",""]". Defaulting to "list". Add meta: { preset: 'static' | 'user' | 'list' | 'detail' | 'realtime' }. @ http://localhost:3000/_next/static/chunks/node_modules_next_dist_115brz8._.js:2431
[   10446ms] [LOG] [RQ] list ["admin","schoolYears","readiness",""] → FETCH @ http://localhost:3000/_next/static/chunks/node_modules_next_dist_115brz8._.js:2431
[   10447ms] [WARNING] [useAsyncQuery] Missing meta.preset for key "["admin","sections",null,null,null,null]". Defaulting to "list". Add meta: { preset: 'static' | 'user' | 'list' | 'detail' | 'realtime' }. @ http://localhost:3000/_next/static/chunks/node_modules_next_dist_115brz8._.js:2431
[   10448ms] [LOG] [RQ] list ["admin","sections",null,null,null,null] → FETCH @ http://localhost:3000/_next/static/chunks/node_modules_next_dist_115brz8._.js:2431
[   10449ms] [WARNING] [useAsyncQuery] Missing meta.preset for key "["admin","schoolYears","list",null]". Defaulting to "list". Add meta: { preset: 'static' | 'user' | 'list' | 'detail' | 'realtime' }. @ http://localhost:3000/_next/static/chunks/node_modules_next_dist_115brz8._.js:2431
[   10450ms] [LOG] [RQ] list ["admin","schoolYears","list",null] → FETCH @ http://localhost:3000/_next/static/chunks/node_modules_next_dist_115brz8._.js:2431
[   10451ms] [WARNING] [useAsyncQuery] Missing meta.preset for key "["admin","studentEnrollment","list",{"schoolYearId":"","page":1,"limit":20}]". Defaulting to "list". Add meta: { preset: 'static' | 'user' | 'list' | 'detail' | 'realtime' }. @ http://localhost:3000/_next/static/chunks/node_modules_next_dist_115brz8._.js:2431
[   10452ms] [LOG] [RQ] list ["admin","studentEnrollment","list",{"schoolYearId":"","page":1,"limit":20}] → FETCH @ http://localhost:3000/_next/static/chunks/node_modules_next_dist_115brz8._.js:2431
[   10453ms] [LOG] [RQ] list ["admin","students","list",null] → CACHE_HIT @ http://localhost:3000/_next/static/chunks/node_modules_next_dist_115brz8._.js:2431
[   10454ms] [WARNING] [useAsyncQuery] Missing meta.preset for key "["admin","schoolYears","readiness",""]". Defaulting to "list". Add meta: { preset: 'static' | 'user' | 'list' | 'detail' | 'realtime' }. @ http://localhost:3000/_next/static/chunks/node_modules_next_dist_115brz8._.js:2431
[   10454ms] [LOG] [RQ] list ["admin","schoolYears","readiness",""] → FETCH @ http://localhost:3000/_next/static/chunks/node_modules_next_dist_115brz8._.js:2431
[   10455ms] [WARNING] [useAsyncQuery] Missing meta.preset for key "["admin","sections",null,null,null,null]". Defaulting to "list". Add meta: { preset: 'static' | 'user' | 'list' | 'detail' | 'realtime' }. @ http://localhost:3000/_next/static/chunks/node_modules_next_dist_115brz8._.js:2431
[   10457ms] [LOG] [RQ] list ["admin","sections",null,null,null,null] → FETCH @ http://localhost:3000/_next/static/chunks/node_modules_next_dist_115brz8._.js:2431
[   10470ms] [LOG] [Fast Refresh] rebuilding @ http://localhost:3000/_next/static/chunks/node_modules_next_dist_115brz8._.js:2431
[   10488ms] [LOG] [Fast Refresh] done in 143ms @ http://localhost:3000/_next/static/chunks/node_modules_next_dist_115brz8._.js:2431
[   10615ms] [WARNING] [useAsyncQuery] Missing meta.preset for key "["admin","schoolYears","list",null]". Defaulting to "list". Add meta: { preset: 'static' | 'user' | 'list' | 'detail' | 'realtime' }. @ http://localhost:3000/_next/static/chunks/node_modules_next_dist_115brz8._.js:2431
[   10616ms] [LOG] [RQ] list ["admin","schoolYears","list",null] → CACHE_HIT @ http://localhost:3000/_next/static/chunks/node_modules_next_dist_115brz8._.js:2431
[   10617ms] [WARNING] [useAsyncQuery] Missing meta.preset for key "["admin","studentEnrollment","list",{"schoolYearId":"","page":1,"limit":20}]". Defaulting to "list". Add meta: { preset: 'static' | 'user' | 'list' | 'detail' | 'realtime' }. @ http://localhost:3000/_next/static/chunks/node_modules_next_dist_115brz8._.js:2431
[   10617ms] [LOG] [RQ] list ["admin","studentEnrollment","list",{"schoolYearId":"","page":1,"limit":20}] → FETCH @ http://localhost:3000/_next/static/chunks/node_modules_next_dist_115brz8._.js:2431
[   10618ms] [LOG] [RQ] list ["admin","students","list",null] → CACHE_HIT @ http://localhost:3000/_next/static/chunks/node_modules_next_dist_115brz8._.js:2431
[   10619ms] [WARNING] [useAsyncQuery] Missing meta.preset for key "["admin","schoolYears","readiness",""]". Defaulting to "list". Add meta: { preset: 'static' | 'user' | 'list' | 'detail' | 'realtime' }. @ http://localhost:3000/_next/static/chunks/node_modules_next_dist_115brz8._.js:2431
[   10620ms] [LOG] [RQ] list ["admin","schoolYears","readiness",""] → FETCH @ http://localhost:3000/_next/static/chunks/node_modules_next_dist_115brz8._.js:2431
[   10620ms] [WARNING] [useAsyncQuery] Missing meta.preset for key "["admin","sections",null,null,null,null]". Defaulting to "list". Add meta: { preset: 'static' | 'user' | 'list' | 'detail' | 'realtime' }. @ http://localhost:3000/_next/static/chunks/node_modules_next_dist_115brz8._.js:2431
[   10621ms] [LOG] [RQ] list ["admin","sections",null,null,null,null] → FETCH @ http://localhost:3000/_next/static/chunks/node_modules_next_dist_115brz8._.js:2431
[   10623ms] [WARNING] [useAsyncQuery] Missing meta.preset for key "["admin","schoolYears","list",null]". Defaulting to "list". Add meta: { preset: 'static' | 'user' | 'list' | 'detail' | 'realtime' }. @ http://localhost:3000/_next/static/chunks/node_modules_next_dist_115brz8._.js:2431
[   10624ms] [LOG] [RQ] list ["admin","schoolYears","list",null] → CACHE_HIT @ http://localhost:3000/_next/static/chunks/node_modules_next_dist_115brz8._.js:2431
[   10625ms] [WARNING] [useAsyncQuery] Missing meta.preset for key "["admin","studentEnrollment","list",{"schoolYearId":"","page":1,"limit":20}]". Defaulting to "list". Add meta: { preset: 'static' | 'user' | 'list' | 'detail' | 'realtime' }. @ http://localhost:3000/_next/static/chunks/node_modules_next_dist_115brz8._.js:2431
[   10625ms] [LOG] [RQ] list ["admin","studentEnrollment","list",{"schoolYearId":"","page":1,"limit":20}] → FETCH @ http://localhost:3000/_next/static/chunks/node_modules_next_dist_115brz8._.js:2431
[   10626ms] [LOG] [RQ] list ["admin","students","list",null] → CACHE_HIT @ http://localhost:3000/_next/static/chunks/node_modules_next_dist_115brz8._.js:2431
[   10627ms] [WARNING] [useAsyncQuery] Missing meta.preset for key "["admin","schoolYears","readiness",""]". Defaulting to "list". Add meta: { preset: 'static' | 'user' | 'list' | 'detail' | 'realtime' }. @ http://localhost:3000/_next/static/chunks/node_modules_next_dist_115brz8._.js:2431
[   10628ms] [LOG] [RQ] list ["admin","schoolYears","readiness",""] → FETCH @ http://localhost:3000/_next/static/chunks/node_modules_next_dist_115brz8._.js:2431
[   10629ms] [WARNING] [useAsyncQuery] Missing meta.preset for key "["admin","sections",null,null,null,null]". Defaulting to "list". Add meta: { preset: 'static' | 'user' | 'list' | 'detail' | 'realtime' }. @ http://localhost:3000/_next/static/chunks/node_modules_next_dist_115brz8._.js:2431
[   10630ms] [LOG] [RQ] list ["admin","sections",null,null,null,null] → FETCH @ http://localhost:3000/_next/static/chunks/node_modules_next_dist_115brz8._.js:2431
[   10691ms] [WARNING] [useAsyncQuery] Missing meta.preset for key "["admin","schoolYears","list",null]". Defaulting to "list". Add meta: { preset: 'static' | 'user' | 'list' | 'detail' | 'realtime' }. @ http://localhost:3000/_next/static/chunks/node_modules_next_dist_115brz8._.js:2431
[   10691ms] [LOG] [RQ] list ["admin","schoolYears","list",null] → CACHE_HIT @ http://localhost:3000/_next/static/chunks/node_modules_next_dist_115brz8._.js:2431
[   10692ms] [WARNING] [useAsyncQuery] Missing meta.preset for key "["admin","studentEnrollment","list",{"schoolYearId":"e27f44c5-044a-5dda-80d1-ccd4bb324163","page":1,"limit":20}]". Defaulting to "list". Add meta: { preset: 'static' | 'user' | 'list' | 'detail' | 'realtime' }. @ http://localhost:3000/_next/static/chunks/node_modules_next_dist_115brz8._.js:2431
[   10693ms] [LOG] [RQ] list ["admin","studentEnrollment","list",{"schoolYearId":"e27f44c5-044a-5dda-80d1-ccd4bb324163","page":1,"limit":20}] → FETCH @ http://localhost:3000/_next/static/chunks/node_modules_next_dist_115brz8._.js:2431
[   10694ms] [LOG] [RQ] list ["admin","students","list",null] → CACHE_HIT @ http://localhost:3000/_next/static/chunks/node_modules_next_dist_115brz8._.js:2431
[   10694ms] [WARNING] [useAsyncQuery] Missing meta.preset for key "["admin","schoolYears","readiness","e27f44c5-044a-5dda-80d1-ccd4bb324163"]". Defaulting to "list". Add meta: { preset: 'static' | 'user' | 'list' | 'detail' | 'realtime' }. @ http://localhost:3000/_next/static/chunks/node_modules_next_dist_115brz8._.js:2431
[   10695ms] [LOG] [RQ] list ["admin","schoolYears","readiness","e27f44c5-044a-5dda-80d1-ccd4bb324163"] → FETCH @ http://localhost:3000/_next/static/chunks/node_modules_next_dist_115brz8._.js:2431
[   10696ms] [WARNING] [useAsyncQuery] Missing meta.preset for key "["admin","sections","e27f44c5-044a-5dda-80d1-ccd4bb324163",null,null,null]". Defaulting to "list". Add meta: { preset: 'static' | 'user' | 'list' | 'detail' | 'realtime' }. @ http://localhost:3000/_next/static/chunks/node_modules_next_dist_115brz8._.js:2431
[   10697ms] [LOG] [RQ] list ["admin","sections","e27f44c5-044a-5dda-80d1-ccd4bb324163",null,null,null] → FETCH @ http://localhost:3000/_next/static/chunks/node_modules_next_dist_115brz8._.js:2431
[   10702ms] [WARNING] [useAsyncQuery] Missing meta.preset for key "["admin","schoolYears","list",null]". Defaulting to "list". Add meta: { preset: 'static' | 'user' | 'list' | 'detail' | 'realtime' }. @ http://localhost:3000/_next/static/chunks/node_modules_next_dist_115brz8._.js:2431
[   10703ms] [LOG] [RQ] list ["admin","schoolYears","list",null] → CACHE_HIT @ http://localhost:3000/_next/static/chunks/node_modules_next_dist_115brz8._.js:2431
[   10704ms] [WARNING] [useAsyncQuery] Missing meta.preset for key "["admin","studentEnrollment","list",{"schoolYearId":"e27f44c5-044a-5dda-80d1-ccd4bb324163","page":1,"limit":20}]". Defaulting to "list". Add meta: { preset: 'static' | 'user' | 'list' | 'detail' | 'realtime' }. @ http://localhost:3000/_next/static/chunks/node_modules_next_dist_115brz8._.js:2431
[   10705ms] [LOG] [RQ] list ["admin","studentEnrollment","list",{"schoolYearId":"e27f44c5-044a-5dda-80d1-ccd4bb324163","page":1,"limit":20}] → FETCH @ http://localhost:3000/_next/static/chunks/node_modules_next_dist_115brz8._.js:2431
[   10706ms] [LOG] [RQ] list ["admin","students","list",null] → CACHE_HIT @ http://localhost:3000/_next/static/chunks/node_modules_next_dist_115brz8._.js:2431
[   10707ms] [WARNING] [useAsyncQuery] Missing meta.preset for key "["admin","schoolYears","readiness","e27f44c5-044a-5dda-80d1-ccd4bb324163"]". Defaulting to "list". Add meta: { preset: 'static' | 'user' | 'list' | 'detail' | 'realtime' }. @ http://localhost:3000/_next/static/chunks/node_modules_next_dist_115brz8._.js:2431
[   10708ms] [LOG] [RQ] list ["admin","schoolYears","readiness","e27f44c5-044a-5dda-80d1-ccd4bb324163"] → FETCH @ http://localhost:3000/_next/static/chunks/node_modules_next_dist_115brz8._.js:2431
[   10709ms] [WARNING] [useAsyncQuery] Missing meta.preset for key "["admin","sections","e27f44c5-044a-5dda-80d1-ccd4bb324163",null,null,null]". Defaulting to "list". Add meta: { preset: 'static' | 'user' | 'list' | 'detail' | 'realtime' }. @ http://localhost:3000/_next/static/chunks/node_modules_next_dist_115brz8._.js:2431
[   10710ms] [LOG] [RQ] list ["admin","sections","e27f44c5-044a-5dda-80d1-ccd4bb324163",null,null,null] → FETCH @ http://localhost:3000/_next/static/chunks/node_modules_next_dist_115brz8._.js:2431
[   10846ms] [WARNING] [useAsyncQuery] Missing meta.preset for key "["admin","schoolYears","list",null]". Defaulting to "list". Add meta: { preset: 'static' | 'user' | 'list' | 'detail' | 'realtime' }. @ http://localhost:3000/_next/static/chunks/node_modules_next_dist_115brz8._.js:2431
[   10847ms] [LOG] [RQ] list ["admin","schoolYears","list",null] → CACHE_HIT @ http://localhost:3000/_next/static/chunks/node_modules_next_dist_115brz8._.js:2431
[   10849ms] [WARNING] [useAsyncQuery] Missing meta.preset for key "["admin","studentEnrollment","list",{"schoolYearId":"e27f44c5-044a-5dda-80d1-ccd4bb324163","page":1,"limit":20}]". Defaulting to "list". Add meta: { preset: 'static' | 'user' | 'list' | 'detail' | 'realtime' }. @ http://localhost:3000/_next/static/chunks/node_modules_next_dist_115brz8._.js:2431
[   10862ms] [LOG] [RQ] list ["admin","studentEnrollment","list",{"schoolYearId":"e27f44c5-044a-5dda-80d1-ccd4bb324163","page":1,"limit":20}] → FETCH @ http://localhost:3000/_next/static/chunks/node_modules_next_dist_115brz8._.js:2431
[   10864ms] [LOG] [RQ] list ["admin","students","list",null] → CACHE_HIT @ http://localhost:3000/_next/static/chunks/node_modules_next_dist_115brz8._.js:2431
[   10867ms] [WARNING] [useAsyncQuery] Missing meta.preset for key "["admin","schoolYears","readiness","e27f44c5-044a-5dda-80d1-ccd4bb324163"]". Defaulting to "list". Add meta: { preset: 'static' | 'user' | 'list' | 'detail' | 'realtime' }. @ http://localhost:3000/_next/static/chunks/node_modules_next_dist_115brz8._.js:2431
[   10872ms] [LOG] [RQ] list ["admin","schoolYears","readiness","e27f44c5-044a-5dda-80d1-ccd4bb324163"] → FETCH @ http://localhost:3000/_next/static/chunks/node_modules_next_dist_115brz8._.js:2431
[   10889ms] [WARNING] [useAsyncQuery] Missing meta.preset for key "["admin","sections","e27f44c5-044a-5dda-80d1-ccd4bb324163",null,null,null]". Defaulting to "list". Add meta: { preset: 'static' | 'user' | 'list' | 'detail' | 'realtime' }. @ http://localhost:3000/_next/static/chunks/node_modules_next_dist_115brz8._.js:2431
[   10892ms] [LOG] [RQ] list ["admin","sections","e27f44c5-044a-5dda-80d1-ccd4bb324163",null,null,null] → FETCH @ http://localhost:3000/_next/static/chunks/node_modules_next_dist_115brz8._.js:2431
[   10900ms] [WARNING] [useAsyncQuery] Missing meta.preset for key "["admin","schoolYears","list",null]". Defaulting to "list". Add meta: { preset: 'static' | 'user' | 'list' | 'detail' | 'realtime' }. @ http://localhost:3000/_next/static/chunks/node_modules_next_dist_115brz8._.js:2431
[   10900ms] [LOG] [RQ] list ["admin","schoolYears","list",null] → CACHE_HIT @ http://localhost:3000/_next/static/chunks/node_modules_next_dist_115brz8._.js:2431
[   10902ms] [WARNING] [useAsyncQuery] Missing meta.preset for key "["admin","studentEnrollment","list",{"schoolYearId":"e27f44c5-044a-5dda-80d1-ccd4bb324163","page":1,"limit":20}]". Defaulting to "list". Add meta: { preset: 'static' | 'user' | 'list' | 'detail' | 'realtime' }. @ http://localhost:3000/_next/static/chunks/node_modules_next_dist_115brz8._.js:2431
[   10903ms] [LOG] [RQ] list ["admin","studentEnrollment","list",{"schoolYearId":"e27f44c5-044a-5dda-80d1-ccd4bb324163","page":1,"limit":20}] → FETCH @ http://localhost:3000/_next/static/chunks/node_modules_next_dist_115brz8._.js:2431
[   10905ms] [LOG] [RQ] list ["admin","students","list",null] → CACHE_HIT @ http://localhost:3000/_next/static/chunks/node_modules_next_dist_115brz8._.js:2431
[   10908ms] [WARNING] [useAsyncQuery] Missing meta.preset for key "["admin","schoolYears","readiness","e27f44c5-044a-5dda-80d1-ccd4bb324163"]". Defaulting to "list". Add meta: { preset: 'static' | 'user' | 'list' | 'detail' | 'realtime' }. @ http://localhost:3000/_next/static/chunks/node_modules_next_dist_115brz8._.js:2431
[   10908ms] [LOG] [RQ] list ["admin","schoolYears","readiness","e27f44c5-044a-5dda-80d1-ccd4bb324163"] → FETCH @ http://localhost:3000/_next/static/chunks/node_modules_next_dist_115brz8._.js:2431
[   10909ms] [WARNING] [useAsyncQuery] Missing meta.preset for key "["admin","sections","e27f44c5-044a-5dda-80d1-ccd4bb324163",null,null,null]". Defaulting to "list". Add meta: { preset: 'static' | 'user' | 'list' | 'detail' | 'realtime' }. @ http://localhost:3000/_next/static/chunks/node_modules_next_dist_115brz8._.js:2431
[   10911ms] [LOG] [RQ] list ["admin","sections","e27f44c5-044a-5dda-80d1-ccd4bb324163",null,null,null] → FETCH @ http://localhost:3000/_next/static/chunks/node_modules_next_dist_115brz8._.js:2431
[   15828ms] [WARNING] [useAsyncQuery] Missing meta.preset for key "["admin","schoolYears","list",null]". Defaulting to "list". Add meta: { preset: 'static' | 'user' | 'list' | 'detail' | 'realtime' }. @ http://localhost:3000/_next/static/chunks/node_modules_next_dist_115brz8._.js:2431
[   15829ms] [LOG] [RQ] list ["admin","schoolYears","list",null] → CACHE_HIT @ http://localhost:3000/_next/static/chunks/node_modules_next_dist_115brz8._.js:2431
[   15831ms] [WARNING] [useAsyncQuery] Missing meta.preset for key "["admin","studentEnrollment","list",{"schoolYearId":"e27f44c5-044a-5dda-80d1-ccd4bb324163","page":1,"limit":20}]". Defaulting to "list". Add meta: { preset: 'static' | 'user' | 'list' | 'detail' | 'realtime' }. @ http://localhost:3000/_next/static/chunks/node_modules_next_dist_115brz8._.js:2431
[   15834ms] [LOG] [RQ] list ["admin","studentEnrollment","list",{"schoolYearId":"e27f44c5-044a-5dda-80d1-ccd4bb324163","page":1,"limit":20}] → FETCH @ http://localhost:3000/_next/static/chunks/node_modules_next_dist_115brz8._.js:2431
[   15835ms] [LOG] [RQ] list ["admin","students","list",null] → CACHE_HIT @ http://localhost:3000/_next/static/chunks/node_modules_next_dist_115brz8._.js:2431
[   15836ms] [WARNING] [useAsyncQuery] Missing meta.preset for key "["admin","schoolYears","readiness","e27f44c5-044a-5dda-80d1-ccd4bb324163"]". Defaulting to "list". Add meta: { preset: 'static' | 'user' | 'list' | 'detail' | 'realtime' }. @ http://localhost:3000/_next/static/chunks/node_modules_next_dist_115brz8._.js:2431
[   15838ms] [LOG] [RQ] list ["admin","schoolYears","readiness","e27f44c5-044a-5dda-80d1-ccd4bb324163"] → FETCH @ http://localhost:3000/_next/static/chunks/node_modules_next_dist_115brz8._.js:2431
[   15839ms] [WARNING] [useAsyncQuery] Missing meta.preset for key "["admin","sections","e27f44c5-044a-5dda-80d1-ccd4bb324163",null,null,null]". Defaulting to "list". Add meta: { preset: 'static' | 'user' | 'list' | 'detail' | 'realtime' }. @ http://localhost:3000/_next/static/chunks/node_modules_next_dist_115brz8._.js:2431
[   15840ms] [LOG] [RQ] list ["admin","sections","e27f44c5-044a-5dda-80d1-ccd4bb324163",null,null,null] → CACHE_HIT @ http://localhost:3000/_next/static/chunks/node_modules_next_dist_115brz8._.js:2431
[   15845ms] [WARNING] [useAsyncQuery] Missing meta.preset for key "["admin","schoolYears","list",null]". Defaulting to "list". Add meta: { preset: 'static' | 'user' | 'list' | 'detail' | 'realtime' }. @ http://localhost:3000/_next/static/chunks/node_modules_next_dist_115brz8._.js:2431
[   15847ms] [LOG] [RQ] list ["admin","schoolYears","list",null] → CACHE_HIT @ http://localhost:3000/_next/static/chunks/node_modules_next_dist_115brz8._.js:2431
[   15849ms] [WARNING] [useAsyncQuery] Missing meta.preset for key "["admin","studentEnrollment","list",{"schoolYearId":"e27f44c5-044a-5dda-80d1-ccd4bb324163","page":1,"limit":20}]". Defaulting to "list". Add meta: { preset: 'static' | 'user' | 'list' | 'detail' | 'realtime' }. @ http://localhost:3000/_next/static/chunks/node_modules_next_dist_115brz8._.js:2431
[   15851ms] [LOG] [RQ] list ["admin","studentEnrollment","list",{"schoolYearId":"e27f44c5-044a-5dda-80d1-ccd4bb324163","page":1,"limit":20}] → FETCH @ http://localhost:3000/_next/static/chunks/node_modules_next_dist_115brz8._.js:2431
[   15853ms] [LOG] [RQ] list ["admin","students","list",null] → CACHE_HIT @ http://localhost:3000/_next/static/chunks/node_modules_next_dist_115brz8._.js:2431
[   15854ms] [WARNING] [useAsyncQuery] Missing meta.preset for key "["admin","schoolYears","readiness","e27f44c5-044a-5dda-80d1-ccd4bb324163"]". Defaulting to "list". Add meta: { preset: 'static' | 'user' | 'list' | 'detail' | 'realtime' }. @ http://localhost:3000/_next/static/chunks/node_modules_next_dist_115brz8._.js:2431
[   15855ms] [LOG] [RQ] list ["admin","schoolYears","readiness","e27f44c5-044a-5dda-80d1-ccd4bb324163"] → FETCH @ http://localhost:3000/_next/static/chunks/node_modules_next_dist_115brz8._.js:2431
[   15857ms] [WARNING] [useAsyncQuery] Missing meta.preset for key "["admin","sections","e27f44c5-044a-5dda-80d1-ccd4bb324163",null,null,null]". Defaulting to "list". Add meta: { preset: 'static' | 'user' | 'list' | 'detail' | 'realtime' }. @ http://localhost:3000/_next/static/chunks/node_modules_next_dist_115brz8._.js:2431
[   15859ms] [LOG] [RQ] list ["admin","sections","e27f44c5-044a-5dda-80d1-ccd4bb324163",null,null,null] → CACHE_HIT @ http://localhost:3000/_next/static/chunks/node_modules_next_dist_115brz8._.js:2431
[   16140ms] [WARNING] [useAsyncQuery] Missing meta.preset for key "["admin","schoolYears","list",null]". Defaulting to "list". Add meta: { preset: 'static' | 'user' | 'list' | 'detail' | 'realtime' }. @ http://localhost:3000/_next/static/chunks/node_modules_next_dist_115brz8._.js:2431
[   16141ms] [LOG] [RQ] list ["admin","schoolYears","list",null] → CACHE_HIT @ http://localhost:3000/_next/static/chunks/node_modules_next_dist_115brz8._.js:2431
[   16144ms] [WARNING] [useAsyncQuery] Missing meta.preset for key "["admin","studentEnrollment","list",{"schoolYearId":"e27f44c5-044a-5dda-80d1-ccd4bb324163","page":1,"limit":20}]". Defaulting to "list". Add meta: { preset: 'static' | 'user' | 'list' | 'detail' | 'realtime' }. @ http://localhost:3000/_next/static/chunks/node_modules_next_dist_115brz8._.js:2431
[   16152ms] [LOG] [RQ] list ["admin","studentEnrollment","list",{"schoolYearId":"e27f44c5-044a-5dda-80d1-ccd4bb324163","page":1,"limit":20}] → CACHE_HIT @ http://localhost:3000/_next/static/chunks/node_modules_next_dist_115brz8._.js:2431
[   16155ms] [LOG] [RQ] list ["admin","students","list",null] → CACHE_HIT @ http://localhost:3000/_next/static/chunks/node_modules_next_dist_115brz8._.js:2431
[   16156ms] [WARNING] [useAsyncQuery] Missing meta.preset for key "["admin","schoolYears","readiness","e27f44c5-044a-5dda-80d1-ccd4bb324163"]". Defaulting to "list". Add meta: { preset: 'static' | 'user' | 'list' | 'detail' | 'realtime' }. @ http://localhost:3000/_next/static/chunks/node_modules_next_dist_115brz8._.js:2431
[   16161ms] [LOG] [RQ] list ["admin","schoolYears","readiness","e27f44c5-044a-5dda-80d1-ccd4bb324163"] → FETCH @ http://localhost:3000/_next/static/chunks/node_modules_next_dist_115brz8._.js:2431
[   16165ms] [WARNING] [useAsyncQuery] Missing meta.preset for key "["admin","sections","e27f44c5-044a-5dda-80d1-ccd4bb324163",null,null,null]". Defaulting to "list". Add meta: { preset: 'static' | 'user' | 'list' | 'detail' | 'realtime' }. @ http://localhost:3000/_next/static/chunks/node_modules_next_dist_115brz8._.js:2431
[   16175ms] [LOG] [RQ] list ["admin","sections","e27f44c5-044a-5dda-80d1-ccd4bb324163",null,null,null] → CACHE_HIT @ http://localhost:3000/_next/static/chunks/node_modules_next_dist_115brz8._.js:2431
[   16188ms] [WARNING] [useAsyncQuery] Missing meta.preset for key "["admin","schoolYears","list",null]". Defaulting to "list". Add meta: { preset: 'static' | 'user' | 'list' | 'detail' | 'realtime' }. @ http://localhost:3000/_next/static/chunks/node_modules_next_dist_115brz8._.js:2431
[   16189ms] [LOG] [RQ] list ["admin","schoolYears","list",null] → CACHE_HIT @ http://localhost:3000/_next/static/chunks/node_modules_next_dist_115brz8._.js:2431
[   16190ms] [WARNING] [useAsyncQuery] Missing meta.preset for key "["admin","studentEnrollment","list",{"schoolYearId":"e27f44c5-044a-5dda-80d1-ccd4bb324163","page":1,"limit":20}]". Defaulting to "list". Add meta: { preset: 'static' | 'user' | 'list' | 'detail' | 'realtime' }. @ http://localhost:3000/_next/static/chunks/node_modules_next_dist_115brz8._.js:2431
[   16191ms] [LOG] [RQ] list ["admin","studentEnrollment","list",{"schoolYearId":"e27f44c5-044a-5dda-80d1-ccd4bb324163","page":1,"limit":20}] → CACHE_HIT @ http://localhost:3000/_next/static/chunks/node_modules_next_dist_115brz8._.js:2431
[   16192ms] [LOG] [RQ] list ["admin","students","list",null] → CACHE_HIT @ http://localhost:3000/_next/static/chunks/node_modules_next_dist_115brz8._.js:2431
[   16193ms] [WARNING] [useAsyncQuery] Missing meta.preset for key "["admin","schoolYears","readiness","e27f44c5-044a-5dda-80d1-ccd4bb324163"]". Defaulting to "list". Add meta: { preset: 'static' | 'user' | 'list' | 'detail' | 'realtime' }. @ http://localhost:3000/_next/static/chunks/node_modules_next_dist_115brz8._.js:2431
[   16194ms] [LOG] [RQ] list ["admin","schoolYears","readiness","e27f44c5-044a-5dda-80d1-ccd4bb324163"] → FETCH @ http://localhost:3000/_next/static/chunks/node_modules_next_dist_115brz8._.js:2431
[   16195ms] [WARNING] [useAsyncQuery] Missing meta.preset for key "["admin","sections","e27f44c5-044a-5dda-80d1-ccd4bb324163",null,null,null]". Defaulting to "list". Add meta: { preset: 'static' | 'user' | 'list' | 'detail' | 'realtime' }. @ http://localhost:3000/_next/static/chunks/node_modules_next_dist_115brz8._.js:2431
[   16197ms] [LOG] [RQ] list ["admin","sections","e27f44c5-044a-5dda-80d1-ccd4bb324163",null,null,null] → CACHE_HIT @ http://localhost:3000/_next/static/chunks/node_modules_next_dist_115brz8._.js:2431
[   19626ms] [WARNING] [useAsyncQuery] Missing meta.preset for key "["admin","schoolYears","list",null]". Defaulting to "list". Add meta: { preset: 'static' | 'user' | 'list' | 'detail' | 'realtime' }. @ http://localhost:3000/_next/static/chunks/node_modules_next_dist_115brz8._.js:2431
[   19628ms] [LOG] [RQ] list ["admin","schoolYears","list",null] → CACHE_HIT @ http://localhost:3000/_next/static/chunks/node_modules_next_dist_115brz8._.js:2431
[   19629ms] [WARNING] [useAsyncQuery] Missing meta.preset for key "["admin","studentEnrollment","list",{"schoolYearId":"e27f44c5-044a-5dda-80d1-ccd4bb324163","page":1,"limit":20}]". Defaulting to "list". Add meta: { preset: 'static' | 'user' | 'list' | 'detail' | 'realtime' }. @ http://localhost:3000/_next/static/chunks/node_modules_next_dist_115brz8._.js:2431
[   19630ms] [LOG] [RQ] list ["admin","studentEnrollment","list",{"schoolYearId":"e27f44c5-044a-5dda-80d1-ccd4bb324163","page":1,"limit":20}] → CACHE_HIT @ http://localhost:3000/_next/static/chunks/node_modules_next_dist_115brz8._.js:2431
[   19631ms] [LOG] [RQ] list ["admin","students","list",null] → CACHE_HIT @ http://localhost:3000/_next/static/chunks/node_modules_next_dist_115brz8._.js:2431
[   19632ms] [WARNING] [useAsyncQuery] Missing meta.preset for key "["admin","schoolYears","readiness","e27f44c5-044a-5dda-80d1-ccd4bb324163"]". Defaulting to "list". Add meta: { preset: 'static' | 'user' | 'list' | 'detail' | 'realtime' }. @ http://localhost:3000/_next/static/chunks/node_modules_next_dist_115brz8._.js:2431
[   19633ms] [LOG] [RQ] list ["admin","schoolYears","readiness","e27f44c5-044a-5dda-80d1-ccd4bb324163"] → CACHE_HIT @ http://localhost:3000/_next/static/chunks/node_modules_next_dist_115brz8._.js:2431
[   19633ms] [WARNING] [useAsyncQuery] Missing meta.preset for key "["admin","sections","e27f44c5-044a-5dda-80d1-ccd4bb324163",null,null,null]". Defaulting to "list". Add meta: { preset: 'static' | 'user' | 'list' | 'detail' | 'realtime' }. @ http://localhost:3000/_next/static/chunks/node_modules_next_dist_115brz8._.js:2431
[   19634ms] [LOG] [RQ] list ["admin","sections","e27f44c5-044a-5dda-80d1-ccd4bb324163",null,null,null] → CACHE_HIT @ http://localhost:3000/_next/static/chunks/node_modules_next_dist_115brz8._.js:2431
[   19639ms] [WARNING] [useAsyncQuery] Missing meta.preset for key "["admin","schoolYears","list",null]". Defaulting to "list". Add meta: { preset: 'static' | 'user' | 'list' | 'detail' | 'realtime' }. @ http://localhost:3000/_next/static/chunks/node_modules_next_dist_115brz8._.js:2431
[   19640ms] [LOG] [RQ] list ["admin","schoolYears","list",null] → CACHE_HIT @ http://localhost:3000/_next/static/chunks/node_modules_next_dist_115brz8._.js:2431
[   19640ms] [WARNING] [useAsyncQuery] Missing meta.preset for key "["admin","studentEnrollment","list",{"schoolYearId":"e27f44c5-044a-5dda-80d1-ccd4bb324163","page":1,"limit":20}]". Defaulting to "list". Add meta: { preset: 'static' | 'user' | 'list' | 'detail' | 'realtime' }. @ http://localhost:3000/_next/static/chunks/node_modules_next_dist_115brz8._.js:2431
[   19641ms] [LOG] [RQ] list ["admin","studentEnrollment","list",{"schoolYearId":"e27f44c5-044a-5dda-80d1-ccd4bb324163","page":1,"limit":20}] → CACHE_HIT @ http://localhost:3000/_next/static/chunks/node_modules_next_dist_115brz8._.js:2431
[   19643ms] [LOG] [RQ] list ["admin","students","list",null] → CACHE_HIT @ http://localhost:3000/_next/static/chunks/node_modules_next_dist_115brz8._.js:2431
[   19644ms] [WARNING] [useAsyncQuery] Missing meta.preset for key "["admin","schoolYears","readiness","e27f44c5-044a-5dda-80d1-ccd4bb324163"]". Defaulting to "list". Add meta: { preset: 'static' | 'user' | 'list' | 'detail' | 'realtime' }. @ http://localhost:3000/_next/static/chunks/node_modules_next_dist_115brz8._.js:2431
[   19646ms] [LOG] [RQ] list ["admin","schoolYears","readiness","e27f44c5-044a-5dda-80d1-ccd4bb324163"] → CACHE_HIT @ http://localhost:3000/_next/static/chunks/node_modules_next_dist_115brz8._.js:2431
[   19647ms] [WARNING] [useAsyncQuery] Missing meta.preset for key "["admin","sections","e27f44c5-044a-5dda-80d1-ccd4bb324163",null,null,null]". Defaulting to "list". Add meta: { preset: 'static' | 'user' | 'list' | 'detail' | 'realtime' }. @ http://localhost:3000/_next/static/chunks/node_modules_next_dist_115brz8._.js:2431
[   19647ms] [LOG] [RQ] list ["admin","sections","e27f44c5-044a-5dda-80d1-ccd4bb324163",null,null,null] → CACHE_HIT @ http://localhost:3000/_next/static/chunks/node_modules_next_dist_115brz8._.js:2431
[  185842ms] [LOG] [Fast Refresh] rebuilding @ http://localhost:3000/_next/static/chunks/node_modules_next_dist_115brz8._.js:2431
[  185896ms] [LOG] [Fast Refresh] done in 170ms @ http://localhost:3000/_next/static/chunks/node_modules_next_dist_115brz8._.js:2431
[  186150ms] [INFO] %cDownload the React DevTools for a better development experience: https://react.dev/link/react-devtools font-weight:bold @ http://localhost:3000/_next/static/chunks/node_modules_next_dist_115brz8._.js:2431
[  186301ms] [LOG] [HMR] connected @ http://localhost:3000/_next/static/chunks/node_modules_next_dist_115brz8._.js:2431
[  186591ms] [LOG] [RQ] user ["auth","me"] → FETCH @ http://localhost:3000/_next/static/chunks/node_modules_next_dist_115brz8._.js:2431
[  186594ms] [LOG] [RQ] user ["auth","me"] → FETCH @ http://localhost:3000/_next/static/chunks/node_modules_next_dist_115brz8._.js:2431
[  188477ms] [LOG] [RQ] user ["auth","me"] → FETCH @ http://localhost:3000/_next/static/chunks/node_modules_next_dist_115brz8._.js:2431
[  188478ms] [LOG] [RQ] user ["auth","me"] → FETCH @ http://localhost:3000/_next/static/chunks/node_modules_next_dist_115brz8._.js:2431
[  189205ms] [LOG] [RQ] user ["auth","me"] → CACHE_HIT @ http://localhost:3000/_next/static/chunks/node_modules_next_dist_115brz8._.js:2431
[  189206ms] [LOG] [RQ] user ["auth","me"] → CACHE_HIT @ http://localhost:3000/_next/static/chunks/node_modules_next_dist_115brz8._.js:2431
[  189209ms] [LOG] [RQ] static ["admin","organization","detail"] → FETCH @ http://localhost:3000/_next/static/chunks/node_modules_next_dist_115brz8._.js:2431
[  189211ms] [LOG] [RQ] static ["admin","organization","detail"] → FETCH @ http://localhost:3000/_next/static/chunks/node_modules_next_dist_115brz8._.js:2431
[  189354ms] [LOG] [RQ] list ["admin","schoolProfile","list"] → FETCH @ http://localhost:3000/_next/static/chunks/node_modules_next_dist_115brz8._.js:2431
[  189360ms] [WARNING] [useAsyncQuery] Missing meta.preset for key "["admin","schoolYears","list",null]". Defaulting to "list". Add meta: { preset: 'static' | 'user' | 'list' | 'detail' | 'realtime' }. @ http://localhost:3000/_next/static/chunks/node_modules_next_dist_115brz8._.js:2431
[  189361ms] [LOG] [RQ] list ["admin","schoolYears","list",null] → FETCH @ http://localhost:3000/_next/static/chunks/node_modules_next_dist_115brz8._.js:2431
[  189363ms] [WARNING] [useAsyncQuery] Missing meta.preset for key "["admin","programs","list",{"schoolYearId":null}]". Defaulting to "list". Add meta: { preset: 'static' | 'user' | 'list' | 'detail' | 'realtime' }. @ http://localhost:3000/_next/static/chunks/node_modules_next_dist_115brz8._.js:2431
[  189364ms] [LOG] [RQ] list ["admin","programs","list",{"schoolYearId":null}] → FETCH @ http://localhost:3000/_next/static/chunks/node_modules_next_dist_115brz8._.js:2431
[  189365ms] [WARNING] [useAsyncQuery] Missing meta.preset for key "["admin","courses","list",{"schoolYearId":null}]". Defaulting to "list". Add meta: { preset: 'static' | 'user' | 'list' | 'detail' | 'realtime' }. @ http://localhost:3000/_next/static/chunks/node_modules_next_dist_115brz8._.js:2431
[  189365ms] [LOG] [RQ] list ["admin","courses","list",{"schoolYearId":null}] → FETCH @ http://localhost:3000/_next/static/chunks/node_modules_next_dist_115brz8._.js:2431
[  189366ms] [WARNING] [useAsyncQuery] Missing meta.preset for key "["admin","strands","list",{"schoolYearId":null}]". Defaulting to "list". Add meta: { preset: 'static' | 'user' | 'list' | 'detail' | 'realtime' }. @ http://localhost:3000/_next/static/chunks/node_modules_next_dist_115brz8._.js:2431
[  189368ms] [LOG] [RQ] list ["admin","strands","list",{"schoolYearId":null}] → FETCH @ http://localhost:3000/_next/static/chunks/node_modules_next_dist_115brz8._.js:2431
[  189370ms] [WARNING] [useAsyncQuery] Missing meta.preset for key "["admin","levels","list",{"schoolYearId":null}]". Defaulting to "list". Add meta: { preset: 'static' | 'user' | 'list' | 'detail' | 'realtime' }. @ http://localhost:3000/_next/static/chunks/node_modules_next_dist_115brz8._.js:2431
[  189371ms] [LOG] [RQ] list ["admin","levels","list",{"schoolYearId":null}] → FETCH @ http://localhost:3000/_next/static/chunks/node_modules_next_dist_115brz8._.js:2431
[  189373ms] [WARNING] [useAsyncQuery] Missing meta.preset for key "["admin","subjects","list",{"schoolYearId":null}]". Defaulting to "list". Add meta: { preset: 'static' | 'user' | 'list' | 'detail' | 'realtime' }. @ http://localhost:3000/_next/static/chunks/node_modules_next_dist_115brz8._.js:2431
[  189373ms] [LOG] [RQ] list ["admin","subjects","list",{"schoolYearId":null}] → FETCH @ http://localhost:3000/_next/static/chunks/node_modules_next_dist_115brz8._.js:2431
[  189375ms] [WARNING] [useAsyncQuery] Missing meta.preset for key "["admin","gradingScales","list",null]". Defaulting to "list". Add meta: { preset: 'static' | 'user' | 'list' | 'detail' | 'realtime' }. @ http://localhost:3000/_next/static/chunks/node_modules_next_dist_115brz8._.js:2431
[  189376ms] [LOG] [RQ] list ["admin","gradingScales","list",null] → FETCH @ http://localhost:3000/_next/static/chunks/node_modules_next_dist_115brz8._.js:2431
[  189377ms] [WARNING] [useAsyncQuery] Missing meta.preset for key "["admin","gradingSchemeTemplates","list",{}]". Defaulting to "list". Add meta: { preset: 'static' | 'user' | 'list' | 'detail' | 'realtime' }. @ http://localhost:3000/_next/static/chunks/node_modules_next_dist_115brz8._.js:2431
[  189378ms] [LOG] [RQ] list ["admin","gradingSchemeTemplates","list",{}] → FETCH @ http://localhost:3000/_next/static/chunks/node_modules_next_dist_115brz8._.js:2431
[  189380ms] [LOG] [RQ] static ["admin","semesterTemplates","list",null] → FETCH @ http://localhost:3000/_next/static/chunks/node_modules_next_dist_115brz8._.js:2431
[  189389ms] [LOG] [RQ] list ["admin","schoolProfile","list"] → FETCH @ http://localhost:3000/_next/static/chunks/node_modules_next_dist_115brz8._.js:2431
[  189390ms] [WARNING] [useAsyncQuery] Missing meta.preset for key "["admin","schoolYears","list",null]". Defaulting to "list". Add meta: { preset: 'static' | 'user' | 'list' | 'detail' | 'realtime' }. @ http://localhost:3000/_next/static/chunks/node_modules_next_dist_115brz8._.js:2431
[  189391ms] [LOG] [RQ] list ["admin","schoolYears","list",null] → FETCH @ http://localhost:3000/_next/static/chunks/node_modules_next_dist_115brz8._.js:2431
[  189392ms] [WARNING] [useAsyncQuery] Missing meta.preset for key "["admin","programs","list",{"schoolYearId":null}]". Defaulting to "list". Add meta: { preset: 'static' | 'user' | 'list' | 'detail' | 'realtime' }. @ http://localhost:3000/_next/static/chunks/node_modules_next_dist_115brz8._.js:2431
[  189393ms] [LOG] [RQ] list ["admin","programs","list",{"schoolYearId":null}] → FETCH @ http://localhost:3000/_next/static/chunks/node_modules_next_dist_115brz8._.js:2431
[  189394ms] [WARNING] [useAsyncQuery] Missing meta.preset for key "["admin","courses","list",{"schoolYearId":null}]". Defaulting to "list". Add meta: { preset: 'static' | 'user' | 'list' | 'detail' | 'realtime' }. @ http://localhost:3000/_next/static/chunks/node_modules_next_dist_115brz8._.js:2431
[  189395ms] [LOG] [RQ] list ["admin","courses","list",{"schoolYearId":null}] → FETCH @ http://localhost:3000/_next/static/chunks/node_modules_next_dist_115brz8._.js:2431
[  189396ms] [WARNING] [useAsyncQuery] Missing meta.preset for key "["admin","strands","list",{"schoolYearId":null}]". Defaulting to "list". Add meta: { preset: 'static' | 'user' | 'list' | 'detail' | 'realtime' }. @ http://localhost:3000/_next/static/chunks/node_modules_next_dist_115brz8._.js:2431
[  189397ms] [LOG] [RQ] list ["admin","strands","list",{"schoolYearId":null}] → FETCH @ http://localhost:3000/_next/static/chunks/node_modules_next_dist_115brz8._.js:2431
[  189397ms] [WARNING] [useAsyncQuery] Missing meta.preset for key "["admin","levels","list",{"schoolYearId":null}]". Defaulting to "list". Add meta: { preset: 'static' | 'user' | 'list' | 'detail' | 'realtime' }. @ http://localhost:3000/_next/static/chunks/node_modules_next_dist_115brz8._.js:2431
[  189398ms] [LOG] [RQ] list ["admin","levels","list",{"schoolYearId":null}] → FETCH @ http://localhost:3000/_next/static/chunks/node_modules_next_dist_115brz8._.js:2431
[  189399ms] [WARNING] [useAsyncQuery] Missing meta.preset for key "["admin","subjects","list",{"schoolYearId":null}]". Defaulting to "list". Add meta: { preset: 'static' | 'user' | 'list' | 'detail' | 'realtime' }. @ http://localhost:3000/_next/static/chunks/node_modules_next_dist_115brz8._.js:2431
[  189401ms] [LOG] [RQ] list ["admin","subjects","list",{"schoolYearId":null}] → FETCH @ http://localhost:3000/_next/static/chunks/node_modules_next_dist_115brz8._.js:2431
[  189402ms] [WARNING] [useAsyncQuery] Missing meta.preset for key "["admin","gradingScales","list",null]". Defaulting to "list". Add meta: { preset: 'static' | 'user' | 'list' | 'detail' | 'realtime' }. @ http://localhost:3000/_next/static/chunks/node_modules_next_dist_115brz8._.js:2431
[  189403ms] [LOG] [RQ] list ["admin","gradingScales","list",null] → FETCH @ http://localhost:3000/_next/static/chunks/node_modules_next_dist_115brz8._.js:2431
[  189404ms] [WARNING] [useAsyncQuery] Missing meta.preset for key "["admin","gradingSchemeTemplates","list",{}]". Defaulting to "list". Add meta: { preset: 'static' | 'user' | 'list' | 'detail' | 'realtime' }. @ http://localhost:3000/_next/static/chunks/node_modules_next_dist_115brz8._.js:2431
[  189405ms] [LOG] [RQ] list ["admin","gradingSchemeTemplates","list",{}] → FETCH @ http://localhost:3000/_next/static/chunks/node_modules_next_dist_115brz8._.js:2431
[  189406ms] [LOG] [RQ] static ["admin","semesterTemplates","list",null] → FETCH @ http://localhost:3000/_next/static/chunks/node_modules_next_dist_115brz8._.js:2431
[  189441ms] [WARNING] [useAsyncQuery] Missing meta.preset for key "["admin","organization","detail"]". Defaulting to "list". Add meta: { preset: 'static' | 'user' | 'list' | 'detail' | 'realtime' }. @ http://localhost:3000/_next/static/chunks/node_modules_next_dist_115brz8._.js:2431
[  189442ms] [LOG] [RQ] list ["admin","organization","detail"] → FETCH @ http://localhost:3000/_next/static/chunks/node_modules_next_dist_115brz8._.js:2431
[  189442ms] [WARNING] [useAsyncQuery] Missing meta.preset for key "["admin","organization","detail"]". Defaulting to "list". Add meta: { preset: 'static' | 'user' | 'list' | 'detail' | 'realtime' }. @ http://localhost:3000/_next/static/chunks/node_modules_next_dist_115brz8._.js:2431
[  189443ms] [LOG] [RQ] list ["admin","organization","detail"] → FETCH @ http://localhost:3000/_next/static/chunks/node_modules_next_dist_115brz8._.js:2431
[  189755ms] [LOG] [Fast Refresh] rebuilding @ http://localhost:3000/_next/static/chunks/node_modules_next_dist_115brz8._.js:2431
[  189806ms] [LOG] [RQ] list ["admin","schoolProfile","list"] → FETCH @ http://localhost:3000/_next/static/chunks/node_modules_next_dist_115brz8._.js:2431
[  189810ms] [LOG] [RQ] list ["admin","schoolProfile","list"] → FETCH @ http://localhost:3000/_next/static/chunks/node_modules_next_dist_115brz8._.js:2431
[  189995ms] [LOG] [Fast Refresh] done in 349ms @ http://localhost:3000/_next/static/chunks/node_modules_next_dist_115brz8._.js:2431
[  190098ms] [LOG] [Fast Refresh] rebuilding @ http://localhost:3000/_next/static/chunks/node_modules_next_dist_115brz8._.js:2431
[  190109ms] [LOG] [Fast Refresh] done in 113ms @ http://localhost:3000/_next/static/chunks/node_modules_next_dist_115brz8._.js:2431
[  191595ms] [LOG] [RQ] list ["admin","schoolProfile","list"] → CACHE_HIT @ http://localhost:3000/_next/static/chunks/node_modules_next_dist_115brz8._.js:2431
[  191597ms] [LOG] [RQ] list ["admin","schoolProfile","list"] → CACHE_HIT @ http://localhost:3000/_next/static/chunks/node_modules_next_dist_115brz8._.js:2431
[  191632ms] [LOG] [RQ] list ["admin","schoolProfile","list"] → CACHE_HIT @ http://localhost:3000/_next/static/chunks/node_modules_next_dist_115brz8._.js:2431
[  191635ms] [LOG] [RQ] list ["admin","schoolProfile","list"] → CACHE_HIT @ http://localhost:3000/_next/static/chunks/node_modules_next_dist_115brz8._.js:2431
[  191901ms] [LOG] [RQ] static ["admin","organization","detail"] → CACHE_HIT @ http://localhost:3000/_next/static/chunks/node_modules_next_dist_115brz8._.js:2431
[  191902ms] [LOG] [RQ] static ["admin","organization","detail"] → CACHE_HIT @ http://localhost:3000/_next/static/chunks/node_modules_next_dist_115brz8._.js:2431
[  191904ms] [WARNING] [useAsyncQuery] Missing meta.preset for key "["admin","organization","detail"]". Defaulting to "list". Add meta: { preset: 'static' | 'user' | 'list' | 'detail' | 'realtime' }. @ http://localhost:3000/_next/static/chunks/node_modules_next_dist_115brz8._.js:2431
[  191905ms] [LOG] [RQ] list ["admin","organization","detail"] → CACHE_HIT @ http://localhost:3000/_next/static/chunks/node_modules_next_dist_115brz8._.js:2431
[  191906ms] [WARNING] [useAsyncQuery] Missing meta.preset for key "["admin","organization","detail"]". Defaulting to "list". Add meta: { preset: 'static' | 'user' | 'list' | 'detail' | 'realtime' }. @ http://localhost:3000/_next/static/chunks/node_modules_next_dist_115brz8._.js:2431
[  191906ms] [LOG] [RQ] list ["admin","organization","detail"] → CACHE_HIT @ http://localhost:3000/_next/static/chunks/node_modules_next_dist_115brz8._.js:2431
[  419695ms] [LOG] [Fast Refresh] rebuilding @ http://localhost:3000/_next/static/chunks/node_modules_next_dist_115brz8._.js:2431
[  419730ms] [LOG] [Fast Refresh] done in 149ms @ http://localhost:3000/_next/static/chunks/node_modules_next_dist_115brz8._.js:2431
[  420011ms] [INFO] %cDownload the React DevTools for a better development experience: https://react.dev/link/react-devtools font-weight:bold @ http://localhost:3000/_next/static/chunks/node_modules_next_dist_115brz8._.js:2431
[  420119ms] [LOG] [HMR] connected @ http://localhost:3000/_next/static/chunks/node_modules_next_dist_115brz8._.js:2431
[  420312ms] [LOG] [RQ] user ["auth","me"] → FETCH @ http://localhost:3000/_next/static/chunks/node_modules_next_dist_115brz8._.js:2431
[  420316ms] [LOG] [RQ] user ["auth","me"] → FETCH @ http://localhost:3000/_next/static/chunks/node_modules_next_dist_115brz8._.js:2431
[  421511ms] [LOG] [RQ] user ["auth","me"] → FETCH @ http://localhost:3000/_next/static/chunks/node_modules_next_dist_115brz8._.js:2431
[  421513ms] [LOG] [RQ] user ["auth","me"] → FETCH @ http://localhost:3000/_next/static/chunks/node_modules_next_dist_115brz8._.js:2431
[  422182ms] [LOG] [RQ] user ["auth","me"] → CACHE_HIT @ http://localhost:3000/_next/static/chunks/node_modules_next_dist_115brz8._.js:2431
[  422183ms] [LOG] [RQ] user ["auth","me"] → CACHE_HIT @ http://localhost:3000/_next/static/chunks/node_modules_next_dist_115brz8._.js:2431
[  422186ms] [LOG] [RQ] static ["admin","organization","detail"] → FETCH @ http://localhost:3000/_next/static/chunks/node_modules_next_dist_115brz8._.js:2431
[  422188ms] [LOG] [RQ] static ["admin","organization","detail"] → FETCH @ http://localhost:3000/_next/static/chunks/node_modules_next_dist_115brz8._.js:2431
[  422314ms] [WARNING] [useAsyncQuery] Missing meta.preset for key "["admin","schoolYears","list",null]". Defaulting to "list". Add meta: { preset: 'static' | 'user' | 'list' | 'detail' | 'realtime' }. @ http://localhost:3000/_next/static/chunks/node_modules_next_dist_115brz8._.js:2431
[  422315ms] [LOG] [RQ] list ["admin","schoolYears","list",null] → FETCH @ http://localhost:3000/_next/static/chunks/node_modules_next_dist_115brz8._.js:2431
[  422316ms] [WARNING] [useAsyncQuery] Missing meta.preset for key "["admin","studentEnrollment","list",{"schoolYearId":"","page":1,"limit":20}]". Defaulting to "list". Add meta: { preset: 'static' | 'user' | 'list' | 'detail' | 'realtime' }. @ http://localhost:3000/_next/static/chunks/node_modules_next_dist_115brz8._.js:2431
[  422317ms] [LOG] [RQ] list ["admin","studentEnrollment","list",{"schoolYearId":"","page":1,"limit":20}] → FETCH @ http://localhost:3000/_next/static/chunks/node_modules_next_dist_115brz8._.js:2431
[  422319ms] [LOG] [RQ] list ["admin","students","list",null] → FETCH @ http://localhost:3000/_next/static/chunks/node_modules_next_dist_115brz8._.js:2431
[  422320ms] [WARNING] [useAsyncQuery] Missing meta.preset for key "["admin","schoolYears","readiness",""]". Defaulting to "list". Add meta: { preset: 'static' | 'user' | 'list' | 'detail' | 'realtime' }. @ http://localhost:3000/_next/static/chunks/node_modules_next_dist_115brz8._.js:2431
[  422321ms] [LOG] [RQ] list ["admin","schoolYears","readiness",""] → FETCH @ http://localhost:3000/_next/static/chunks/node_modules_next_dist_115brz8._.js:2431
[  422323ms] [WARNING] [useAsyncQuery] Missing meta.preset for key "["admin","sections",null,null,null,null]". Defaulting to "list". Add meta: { preset: 'static' | 'user' | 'list' | 'detail' | 'realtime' }. @ http://localhost:3000/_next/static/chunks/node_modules_next_dist_115brz8._.js:2431
[  422323ms] [LOG] [RQ] list ["admin","sections",null,null,null,null] → FETCH @ http://localhost:3000/_next/static/chunks/node_modules_next_dist_115brz8._.js:2431
[  422327ms] [WARNING] [useAsyncQuery] Missing meta.preset for key "["admin","schoolYears","list",null]". Defaulting to "list". Add meta: { preset: 'static' | 'user' | 'list' | 'detail' | 'realtime' }. @ http://localhost:3000/_next/static/chunks/node_modules_next_dist_115brz8._.js:2431
[  422328ms] [LOG] [RQ] list ["admin","schoolYears","list",null] → FETCH @ http://localhost:3000/_next/static/chunks/node_modules_next_dist_115brz8._.js:2431
[  422329ms] [WARNING] [useAsyncQuery] Missing meta.preset for key "["admin","studentEnrollment","list",{"schoolYearId":"","page":1,"limit":20}]". Defaulting to "list". Add meta: { preset: 'static' | 'user' | 'list' | 'detail' | 'realtime' }. @ http://localhost:3000/_next/static/chunks/node_modules_next_dist_115brz8._.js:2431
[  422330ms] [LOG] [RQ] list ["admin","studentEnrollment","list",{"schoolYearId":"","page":1,"limit":20}] → FETCH @ http://localhost:3000/_next/static/chunks/node_modules_next_dist_115brz8._.js:2431
[  422331ms] [LOG] [RQ] list ["admin","students","list",null] → FETCH @ http://localhost:3000/_next/static/chunks/node_modules_next_dist_115brz8._.js:2431
[  422331ms] [WARNING] [useAsyncQuery] Missing meta.preset for key "["admin","schoolYears","readiness",""]". Defaulting to "list". Add meta: { preset: 'static' | 'user' | 'list' | 'detail' | 'realtime' }. @ http://localhost:3000/_next/static/chunks/node_modules_next_dist_115brz8._.js:2431
[  422332ms] [LOG] [RQ] list ["admin","schoolYears","readiness",""] → FETCH @ http://localhost:3000/_next/static/chunks/node_modules_next_dist_115brz8._.js:2431
[  422333ms] [WARNING] [useAsyncQuery] Missing meta.preset for key "["admin","sections",null,null,null,null]". Defaulting to "list". Add meta: { preset: 'static' | 'user' | 'list' | 'detail' | 'realtime' }. @ http://localhost:3000/_next/static/chunks/node_modules_next_dist_115brz8._.js:2431
[  422334ms] [LOG] [RQ] list ["admin","sections",null,null,null,null] → FETCH @ http://localhost:3000/_next/static/chunks/node_modules_next_dist_115brz8._.js:2431
[  422350ms] [WARNING] [useAsyncQuery] Missing meta.preset for key "["admin","organization","detail"]". Defaulting to "list". Add meta: { preset: 'static' | 'user' | 'list' | 'detail' | 'realtime' }. @ http://localhost:3000/_next/static/chunks/node_modules_next_dist_115brz8._.js:2431
[  422351ms] [LOG] [RQ] list ["admin","organization","detail"] → FETCH @ http://localhost:3000/_next/static/chunks/node_modules_next_dist_115brz8._.js:2431
[  422352ms] [WARNING] [useAsyncQuery] Missing meta.preset for key "["admin","organization","detail"]". Defaulting to "list". Add meta: { preset: 'static' | 'user' | 'list' | 'detail' | 'realtime' }. @ http://localhost:3000/_next/static/chunks/node_modules_next_dist_115brz8._.js:2431
[  422353ms] [LOG] [RQ] list ["admin","organization","detail"] → FETCH @ http://localhost:3000/_next/static/chunks/node_modules_next_dist_115brz8._.js:2431
[  422690ms] [LOG] [Fast Refresh] rebuilding @ http://localhost:3000/_next/static/chunks/node_modules_next_dist_115brz8._.js:2431
[  422708ms] [LOG] [Fast Refresh] done in 127ms @ http://localhost:3000/_next/static/chunks/node_modules_next_dist_115brz8._.js:2431
[  423082ms] [LOG] [RQ] static ["admin","organization","detail"] → CACHE_HIT @ http://localhost:3000/_next/static/chunks/node_modules_next_dist_115brz8._.js:2431
[  423083ms] [LOG] [RQ] static ["admin","organization","detail"] → CACHE_HIT @ http://localhost:3000/_next/static/chunks/node_modules_next_dist_115brz8._.js:2431
[  423086ms] [WARNING] [useAsyncQuery] Missing meta.preset for key "["admin","schoolYears","list",null]". Defaulting to "list". Add meta: { preset: 'static' | 'user' | 'list' | 'detail' | 'realtime' }. @ http://localhost:3000/_next/static/chunks/node_modules_next_dist_115brz8._.js:2431
[  423087ms] [LOG] [RQ] list ["admin","schoolYears","list",null] → FETCH @ http://localhost:3000/_next/static/chunks/node_modules_next_dist_115brz8._.js:2431
[  423088ms] [WARNING] [useAsyncQuery] Missing meta.preset for key "["admin","studentEnrollment","list",{"schoolYearId":"","page":1,"limit":20}]". Defaulting to "list". Add meta: { preset: 'static' | 'user' | 'list' | 'detail' | 'realtime' }. @ http://localhost:3000/_next/static/chunks/node_modules_next_dist_115brz8._.js:2431
[  423089ms] [LOG] [RQ] list ["admin","studentEnrollment","list",{"schoolYearId":"","page":1,"limit":20}] → FETCH @ http://localhost:3000/_next/static/chunks/node_modules_next_dist_115brz8._.js:2431
[  423090ms] [LOG] [RQ] list ["admin","students","list",null] → FETCH @ http://localhost:3000/_next/static/chunks/node_modules_next_dist_115brz8._.js:2431
[  423091ms] [WARNING] [useAsyncQuery] Missing meta.preset for key "["admin","schoolYears","readiness",""]". Defaulting to "list". Add meta: { preset: 'static' | 'user' | 'list' | 'detail' | 'realtime' }. @ http://localhost:3000/_next/static/chunks/node_modules_next_dist_115brz8._.js:2431
[  423091ms] [LOG] [RQ] list ["admin","schoolYears","readiness",""] → FETCH @ http://localhost:3000/_next/static/chunks/node_modules_next_dist_115brz8._.js:2431
[  423092ms] [WARNING] [useAsyncQuery] Missing meta.preset for key "["admin","sections",null,null,null,null]". Defaulting to "list". Add meta: { preset: 'static' | 'user' | 'list' | 'detail' | 'realtime' }. @ http://localhost:3000/_next/static/chunks/node_modules_next_dist_115brz8._.js:2431
[  423093ms] [LOG] [RQ] list ["admin","sections",null,null,null,null] → FETCH @ http://localhost:3000/_next/static/chunks/node_modules_next_dist_115brz8._.js:2431
[  423095ms] [WARNING] [useAsyncQuery] Missing meta.preset for key "["admin","schoolYears","list",null]". Defaulting to "list". Add meta: { preset: 'static' | 'user' | 'list' | 'detail' | 'realtime' }. @ http://localhost:3000/_next/static/chunks/node_modules_next_dist_115brz8._.js:2431
[  423095ms] [LOG] [RQ] list ["admin","schoolYears","list",null] → FETCH @ http://localhost:3000/_next/static/chunks/node_modules_next_dist_115brz8._.js:2431
[  423097ms] [WARNING] [useAsyncQuery] Missing meta.preset for key "["admin","studentEnrollment","list",{"schoolYearId":"","page":1,"limit":20}]". Defaulting to "list". Add meta: { preset: 'static' | 'user' | 'list' | 'detail' | 'realtime' }. @ http://localhost:3000/_next/static/chunks/node_modules_next_dist_115brz8._.js:2431
[  423098ms] [LOG] [RQ] list ["admin","studentEnrollment","list",{"schoolYearId":"","page":1,"limit":20}] → FETCH @ http://localhost:3000/_next/static/chunks/node_modules_next_dist_115brz8._.js:2431
[  423099ms] [LOG] [RQ] list ["admin","students","list",null] → FETCH @ http://localhost:3000/_next/static/chunks/node_modules_next_dist_115brz8._.js:2431
[  423099ms] [WARNING] [useAsyncQuery] Missing meta.preset for key "["admin","schoolYears","readiness",""]". Defaulting to "list". Add meta: { preset: 'static' | 'user' | 'list' | 'detail' | 'realtime' }. @ http://localhost:3000/_next/static/chunks/node_modules_next_dist_115brz8._.js:2431
[  423100ms] [LOG] [RQ] list ["admin","schoolYears","readiness",""] → FETCH @ http://localhost:3000/_next/static/chunks/node_modules_next_dist_115brz8._.js:2431
[  423101ms] [WARNING] [useAsyncQuery] Missing meta.preset for key "["admin","sections",null,null,null,null]". Defaulting to "list". Add meta: { preset: 'static' | 'user' | 'list' | 'detail' | 'realtime' }. @ http://localhost:3000/_next/static/chunks/node_modules_next_dist_115brz8._.js:2431
[  423102ms] [LOG] [RQ] list ["admin","sections",null,null,null,null] → FETCH @ http://localhost:3000/_next/static/chunks/node_modules_next_dist_115brz8._.js:2431
[  423110ms] [WARNING] [useAsyncQuery] Missing meta.preset for key "["admin","organization","detail"]". Defaulting to "list". Add meta: { preset: 'static' | 'user' | 'list' | 'detail' | 'realtime' }. @ http://localhost:3000/_next/static/chunks/node_modules_next_dist_115brz8._.js:2431
[  423111ms] [LOG] [RQ] list ["admin","organization","detail"] → CACHE_HIT @ http://localhost:3000/_next/static/chunks/node_modules_next_dist_115brz8._.js:2431
[  423112ms] [WARNING] [useAsyncQuery] Missing meta.preset for key "["admin","organization","detail"]". Defaulting to "list". Add meta: { preset: 'static' | 'user' | 'list' | 'detail' | 'realtime' }. @ http://localhost:3000/_next/static/chunks/node_modules_next_dist_115brz8._.js:2431
[  423112ms] [LOG] [RQ] list ["admin","organization","detail"] → CACHE_HIT @ http://localhost:3000/_next/static/chunks/node_modules_next_dist_115brz8._.js:2431
[  423121ms] [WARNING] [useAsyncQuery] Missing meta.preset for key "["admin","schoolYears","list",null]". Defaulting to "list". Add meta: { preset: 'static' | 'user' | 'list' | 'detail' | 'realtime' }. @ http://localhost:3000/_next/static/chunks/node_modules_next_dist_115brz8._.js:2431
[  423122ms] [LOG] [RQ] list ["admin","schoolYears","list",null] → FETCH @ http://localhost:3000/_next/static/chunks/node_modules_next_dist_115brz8._.js:2431
[  423123ms] [WARNING] [useAsyncQuery] Missing meta.preset for key "["admin","studentEnrollment","list",{"schoolYearId":"","page":1,"limit":20}]". Defaulting to "list". Add meta: { preset: 'static' | 'user' | 'list' | 'detail' | 'realtime' }. @ http://localhost:3000/_next/static/chunks/node_modules_next_dist_115brz8._.js:2431
[  423123ms] [LOG] [RQ] list ["admin","studentEnrollment","list",{"schoolYearId":"","page":1,"limit":20}] → FETCH @ http://localhost:3000/_next/static/chunks/node_modules_next_dist_115brz8._.js:2431
[  423124ms] [LOG] [RQ] list ["admin","students","list",null] → FETCH @ http://localhost:3000/_next/static/chunks/node_modules_next_dist_115brz8._.js:2431
[  423125ms] [WARNING] [useAsyncQuery] Missing meta.preset for key "["admin","schoolYears","readiness",""]". Defaulting to "list". Add meta: { preset: 'static' | 'user' | 'list' | 'detail' | 'realtime' }. @ http://localhost:3000/_next/static/chunks/node_modules_next_dist_115brz8._.js:2431
[  423125ms] [LOG] [RQ] list ["admin","schoolYears","readiness",""] → FETCH @ http://localhost:3000/_next/static/chunks/node_modules_next_dist_115brz8._.js:2431
[  423126ms] [WARNING] [useAsyncQuery] Missing meta.preset for key "["admin","sections",null,null,null,null]". Defaulting to "list". Add meta: { preset: 'static' | 'user' | 'list' | 'detail' | 'realtime' }. @ http://localhost:3000/_next/static/chunks/node_modules_next_dist_115brz8._.js:2431
[  423127ms] [LOG] [RQ] list ["admin","sections",null,null,null,null] → FETCH @ http://localhost:3000/_next/static/chunks/node_modules_next_dist_115brz8._.js:2431
[  423129ms] [WARNING] [useAsyncQuery] Missing meta.preset for key "["admin","schoolYears","list",null]". Defaulting to "list". Add meta: { preset: 'static' | 'user' | 'list' | 'detail' | 'realtime' }. @ http://localhost:3000/_next/static/chunks/node_modules_next_dist_115brz8._.js:2431
[  423129ms] [LOG] [RQ] list ["admin","schoolYears","list",null] → FETCH @ http://localhost:3000/_next/static/chunks/node_modules_next_dist_115brz8._.js:2431
[  423130ms] [WARNING] [useAsyncQuery] Missing meta.preset for key "["admin","studentEnrollment","list",{"schoolYearId":"","page":1,"limit":20}]". Defaulting to "list". Add meta: { preset: 'static' | 'user' | 'list' | 'detail' | 'realtime' }. @ http://localhost:3000/_next/static/chunks/node_modules_next_dist_115brz8._.js:2431
[  423131ms] [LOG] [RQ] list ["admin","studentEnrollment","list",{"schoolYearId":"","page":1,"limit":20}] → FETCH @ http://localhost:3000/_next/static/chunks/node_modules_next_dist_115brz8._.js:2431
[  423132ms] [LOG] [RQ] list ["admin","students","list",null] → FETCH @ http://localhost:3000/_next/static/chunks/node_modules_next_dist_115brz8._.js:2431
[  423132ms] [WARNING] [useAsyncQuery] Missing meta.preset for key "["admin","schoolYears","readiness",""]". Defaulting to "list". Add meta: { preset: 'static' | 'user' | 'list' | 'detail' | 'realtime' }. @ http://localhost:3000/_next/static/chunks/node_modules_next_dist_115brz8._.js:2431
[  423133ms] [LOG] [RQ] list ["admin","schoolYears","readiness",""] → FETCH @ http://localhost:3000/_next/static/chunks/node_modules_next_dist_115brz8._.js:2431
[  423134ms] [WARNING] [useAsyncQuery] Missing meta.preset for key "["admin","sections",null,null,null,null]". Defaulting to "list". Add meta: { preset: 'static' | 'user' | 'list' | 'detail' | 'realtime' }. @ http://localhost:3000/_next/static/chunks/node_modules_next_dist_115brz8._.js:2431
[  423135ms] [LOG] [RQ] list ["admin","sections",null,null,null,null] → FETCH @ http://localhost:3000/_next/static/chunks/node_modules_next_dist_115brz8._.js:2431
[  423291ms] [LOG] [Fast Refresh] rebuilding @ http://localhost:3000/_next/static/chunks/node_modules_next_dist_115brz8._.js:2431
[  423308ms] [LOG] [Fast Refresh] done in 121ms @ http://localhost:3000/_next/static/chunks/node_modules_next_dist_115brz8._.js:2431
[  423880ms] [WARNING] [useAsyncQuery] Missing meta.preset for key "["admin","schoolYears","list",null]". Defaulting to "list". Add meta: { preset: 'static' | 'user' | 'list' | 'detail' | 'realtime' }. @ http://localhost:3000/_next/static/chunks/node_modules_next_dist_115brz8._.js:2431
[  423880ms] [LOG] [RQ] list ["admin","schoolYears","list",null] → FETCH @ http://localhost:3000/_next/static/chunks/node_modules_next_dist_115brz8._.js:2431
[  423881ms] [WARNING] [useAsyncQuery] Missing meta.preset for key "["admin","studentEnrollment","list",{"schoolYearId":"","page":1,"limit":20}]". Defaulting to "list". Add meta: { preset: 'static' | 'user' | 'list' | 'detail' | 'realtime' }. @ http://localhost:3000/_next/static/chunks/node_modules_next_dist_115brz8._.js:2431
[  423882ms] [LOG] [RQ] list ["admin","studentEnrollment","list",{"schoolYearId":"","page":1,"limit":20}] → FETCH @ http://localhost:3000/_next/static/chunks/node_modules_next_dist_115brz8._.js:2431
[  423883ms] [LOG] [RQ] list ["admin","students","list",null] → CACHE_HIT @ http://localhost:3000/_next/static/chunks/node_modules_next_dist_115brz8._.js:2431
[  423884ms] [WARNING] [useAsyncQuery] Missing meta.preset for key "["admin","schoolYears","readiness",""]". Defaulting to "list". Add meta: { preset: 'static' | 'user' | 'list' | 'detail' | 'realtime' }. @ http://localhost:3000/_next/static/chunks/node_modules_next_dist_115brz8._.js:2431
[  423885ms] [LOG] [RQ] list ["admin","schoolYears","readiness",""] → FETCH @ http://localhost:3000/_next/static/chunks/node_modules_next_dist_115brz8._.js:2431
[  423886ms] [WARNING] [useAsyncQuery] Missing meta.preset for key "["admin","sections",null,null,null,null]". Defaulting to "list". Add meta: { preset: 'static' | 'user' | 'list' | 'detail' | 'realtime' }. @ http://localhost:3000/_next/static/chunks/node_modules_next_dist_115brz8._.js:2431
[  423886ms] [LOG] [RQ] list ["admin","sections",null,null,null,null] → FETCH @ http://localhost:3000/_next/static/chunks/node_modules_next_dist_115brz8._.js:2431
[  423888ms] [WARNING] [useAsyncQuery] Missing meta.preset for key "["admin","schoolYears","list",null]". Defaulting to "list". Add meta: { preset: 'static' | 'user' | 'list' | 'detail' | 'realtime' }. @ http://localhost:3000/_next/static/chunks/node_modules_next_dist_115brz8._.js:2431
[  423888ms] [LOG] [RQ] list ["admin","schoolYears","list",null] → FETCH @ http://localhost:3000/_next/static/chunks/node_modules_next_dist_115brz8._.js:2431
[  423889ms] [WARNING] [useAsyncQuery] Missing meta.preset for key "["admin","studentEnrollment","list",{"schoolYearId":"","page":1,"limit":20}]". Defaulting to "list". Add meta: { preset: 'static' | 'user' | 'list' | 'detail' | 'realtime' }. @ http://localhost:3000/_next/static/chunks/node_modules_next_dist_115brz8._.js:2431
[  423890ms] [LOG] [RQ] list ["admin","studentEnrollment","list",{"schoolYearId":"","page":1,"limit":20}] → FETCH @ http://localhost:3000/_next/static/chunks/node_modules_next_dist_115brz8._.js:2431
[  423891ms] [LOG] [RQ] list ["admin","students","list",null] → CACHE_HIT @ http://localhost:3000/_next/static/chunks/node_modules_next_dist_115brz8._.js:2431
[  423892ms] [WARNING] [useAsyncQuery] Missing meta.preset for key "["admin","schoolYears","readiness",""]". Defaulting to "list". Add meta: { preset: 'static' | 'user' | 'list' | 'detail' | 'realtime' }. @ http://localhost:3000/_next/static/chunks/node_modules_next_dist_115brz8._.js:2431
[  423893ms] [LOG] [RQ] list ["admin","schoolYears","readiness",""] → FETCH @ http://localhost:3000/_next/static/chunks/node_modules_next_dist_115brz8._.js:2431
[  423894ms] [WARNING] [useAsyncQuery] Missing meta.preset for key "["admin","sections",null,null,null,null]". Defaulting to "list". Add meta: { preset: 'static' | 'user' | 'list' | 'detail' | 'realtime' }. @ http://localhost:3000/_next/static/chunks/node_modules_next_dist_115brz8._.js:2431
[  423895ms] [LOG] [RQ] list ["admin","sections",null,null,null,null] → FETCH @ http://localhost:3000/_next/static/chunks/node_modules_next_dist_115brz8._.js:2431
[  426537ms] [WARNING] [useAsyncQuery] Missing meta.preset for key "["admin","schoolYears","list",null]". Defaulting to "list". Add meta: { preset: 'static' | 'user' | 'list' | 'detail' | 'realtime' }. @ http://localhost:3000/_next/static/chunks/node_modules_next_dist_115brz8._.js:2431
[  426538ms] [LOG] [RQ] list ["admin","schoolYears","list",null] → CACHE_HIT @ http://localhost:3000/_next/static/chunks/node_modules_next_dist_115brz8._.js:2431
[  426540ms] [WARNING] [useAsyncQuery] Missing meta.preset for key "["admin","studentEnrollment","list",{"schoolYearId":"","page":1,"limit":20}]". Defaulting to "list". Add meta: { preset: 'static' | 'user' | 'list' | 'detail' | 'realtime' }. @ http://localhost:3000/_next/static/chunks/node_modules_next_dist_115brz8._.js:2431
[  426542ms] [LOG] [RQ] list ["admin","studentEnrollment","list",{"schoolYearId":"","page":1,"limit":20}] → FETCH @ http://localhost:3000/_next/static/chunks/node_modules_next_dist_115brz8._.js:2431
[  426543ms] [LOG] [RQ] list ["admin","students","list",null] → CACHE_HIT @ http://localhost:3000/_next/static/chunks/node_modules_next_dist_115brz8._.js:2431
[  426545ms] [WARNING] [useAsyncQuery] Missing meta.preset for key "["admin","schoolYears","readiness",""]". Defaulting to "list". Add meta: { preset: 'static' | 'user' | 'list' | 'detail' | 'realtime' }. @ http://localhost:3000/_next/static/chunks/node_modules_next_dist_115brz8._.js:2431
[  426546ms] [LOG] [RQ] list ["admin","schoolYears","readiness",""] → FETCH @ http://localhost:3000/_next/static/chunks/node_modules_next_dist_115brz8._.js:2431
[  426547ms] [WARNING] [useAsyncQuery] Missing meta.preset for key "["admin","sections",null,null,null,null]". Defaulting to "list". Add meta: { preset: 'static' | 'user' | 'list' | 'detail' | 'realtime' }. @ http://localhost:3000/_next/static/chunks/node_modules_next_dist_115brz8._.js:2431
[  426548ms] [LOG] [RQ] list ["admin","sections",null,null,null,null] → FETCH @ http://localhost:3000/_next/static/chunks/node_modules_next_dist_115brz8._.js:2431
[  426549ms] [WARNING] [useAsyncQuery] Missing meta.preset for key "["admin","schoolYears","list",null]". Defaulting to "list". Add meta: { preset: 'static' | 'user' | 'list' | 'detail' | 'realtime' }. @ http://localhost:3000/_next/static/chunks/node_modules_next_dist_115brz8._.js:2431
[  426550ms] [LOG] [RQ] list ["admin","schoolYears","list",null] → CACHE_HIT @ http://localhost:3000/_next/static/chunks/node_modules_next_dist_115brz8._.js:2431
[  426551ms] [WARNING] [useAsyncQuery] Missing meta.preset for key "["admin","studentEnrollment","list",{"schoolYearId":"","page":1,"limit":20}]". Defaulting to "list". Add meta: { preset: 'static' | 'user' | 'list' | 'detail' | 'realtime' }. @ http://localhost:3000/_next/static/chunks/node_modules_next_dist_115brz8._.js:2431
[  426552ms] [LOG] [RQ] list ["admin","studentEnrollment","list",{"schoolYearId":"","page":1,"limit":20}] → FETCH @ http://localhost:3000/_next/static/chunks/node_modules_next_dist_115brz8._.js:2431
[  426552ms] [LOG] [RQ] list ["admin","students","list",null] → CACHE_HIT @ http://localhost:3000/_next/static/chunks/node_modules_next_dist_115brz8._.js:2431
[  426554ms] [WARNING] [useAsyncQuery] Missing meta.preset for key "["admin","schoolYears","readiness",""]". Defaulting to "list". Add meta: { preset: 'static' | 'user' | 'list' | 'detail' | 'realtime' }. @ http://localhost:3000/_next/static/chunks/node_modules_next_dist_115brz8._.js:2431
[  426556ms] [LOG] [RQ] list ["admin","schoolYears","readiness",""] → FETCH @ http://localhost:3000/_next/static/chunks/node_modules_next_dist_115brz8._.js:2431
[  426558ms] [WARNING] [useAsyncQuery] Missing meta.preset for key "["admin","sections",null,null,null,null]". Defaulting to "list". Add meta: { preset: 'static' | 'user' | 'list' | 'detail' | 'realtime' }. @ http://localhost:3000/_next/static/chunks/node_modules_next_dist_115brz8._.js:2431
[  426559ms] [LOG] [RQ] list ["admin","sections",null,null,null,null] → FETCH @ http://localhost:3000/_next/static/chunks/node_modules_next_dist_115brz8._.js:2431
[  426619ms] [WARNING] [useAsyncQuery] Missing meta.preset for key "["admin","schoolYears","list",null]". Defaulting to "list". Add meta: { preset: 'static' | 'user' | 'list' | 'detail' | 'realtime' }. @ http://localhost:3000/_next/static/chunks/node_modules_next_dist_115brz8._.js:2431
[  426620ms] [LOG] [RQ] list ["admin","schoolYears","list",null] → CACHE_HIT @ http://localhost:3000/_next/static/chunks/node_modules_next_dist_115brz8._.js:2431
[  426621ms] [WARNING] [useAsyncQuery] Missing meta.preset for key "["admin","studentEnrollment","list",{"schoolYearId":"e27f44c5-044a-5dda-80d1-ccd4bb324163","page":1,"limit":20}]". Defaulting to "list". Add meta: { preset: 'static' | 'user' | 'list' | 'detail' | 'realtime' }. @ http://localhost:3000/_next/static/chunks/node_modules_next_dist_115brz8._.js:2431
[  426622ms] [LOG] [RQ] list ["admin","studentEnrollment","list",{"schoolYearId":"e27f44c5-044a-5dda-80d1-ccd4bb324163","page":1,"limit":20}] → FETCH @ http://localhost:3000/_next/static/chunks/node_modules_next_dist_115brz8._.js:2431
[  426624ms] [LOG] [RQ] list ["admin","students","list",null] → CACHE_HIT @ http://localhost:3000/_next/static/chunks/node_modules_next_dist_115brz8._.js:2431
[  426625ms] [WARNING] [useAsyncQuery] Missing meta.preset for key "["admin","schoolYears","readiness","e27f44c5-044a-5dda-80d1-ccd4bb324163"]". Defaulting to "list". Add meta: { preset: 'static' | 'user' | 'list' | 'detail' | 'realtime' }. @ http://localhost:3000/_next/static/chunks/node_modules_next_dist_115brz8._.js:2431
[  426627ms] [LOG] [RQ] list ["admin","schoolYears","readiness","e27f44c5-044a-5dda-80d1-ccd4bb324163"] → FETCH @ http://localhost:3000/_next/static/chunks/node_modules_next_dist_115brz8._.js:2431
[  426628ms] [WARNING] [useAsyncQuery] Missing meta.preset for key "["admin","sections","e27f44c5-044a-5dda-80d1-ccd4bb324163",null,null,null]". Defaulting to "list". Add meta: { preset: 'static' | 'user' | 'list' | 'detail' | 'realtime' }. @ http://localhost:3000/_next/static/chunks/node_modules_next_dist_115brz8._.js:2431
[  426629ms] [LOG] [RQ] list ["admin","sections","e27f44c5-044a-5dda-80d1-ccd4bb324163",null,null,null] → FETCH @ http://localhost:3000/_next/static/chunks/node_modules_next_dist_115brz8._.js:2431
[  426633ms] [WARNING] [useAsyncQuery] Missing meta.preset for key "["admin","schoolYears","list",null]". Defaulting to "list". Add meta: { preset: 'static' | 'user' | 'list' | 'detail' | 'realtime' }. @ http://localhost:3000/_next/static/chunks/node_modules_next_dist_115brz8._.js:2431
[  426634ms] [LOG] [RQ] list ["admin","schoolYears","list",null] → CACHE_HIT @ http://localhost:3000/_next/static/chunks/node_modules_next_dist_115brz8._.js:2431
[  426635ms] [WARNING] [useAsyncQuery] Missing meta.preset for key "["admin","studentEnrollment","list",{"schoolYearId":"e27f44c5-044a-5dda-80d1-ccd4bb324163","page":1,"limit":20}]". Defaulting to "list". Add meta: { preset: 'static' | 'user' | 'list' | 'detail' | 'realtime' }. @ http://localhost:3000/_next/static/chunks/node_modules_next_dist_115brz8._.js:2431
[  426636ms] [LOG] [RQ] list ["admin","studentEnrollment","list",{"schoolYearId":"e27f44c5-044a-5dda-80d1-ccd4bb324163","page":1,"limit":20}] → FETCH @ http://localhost:3000/_next/static/chunks/node_modules_next_dist_115brz8._.js:2431
[  426637ms] [LOG] [RQ] list ["admin","students","list",null] → CACHE_HIT @ http://localhost:3000/_next/static/chunks/node_modules_next_dist_115brz8._.js:2431
[  426638ms] [WARNING] [useAsyncQuery] Missing meta.preset for key "["admin","schoolYears","readiness","e27f44c5-044a-5dda-80d1-ccd4bb324163"]". Defaulting to "list". Add meta: { preset: 'static' | 'user' | 'list' | 'detail' | 'realtime' }. @ http://localhost:3000/_next/static/chunks/node_modules_next_dist_115brz8._.js:2431
[  426638ms] [LOG] [RQ] list ["admin","schoolYears","readiness","e27f44c5-044a-5dda-80d1-ccd4bb324163"] → FETCH @ http://localhost:3000/_next/static/chunks/node_modules_next_dist_115brz8._.js:2431
[  426641ms] [WARNING] [useAsyncQuery] Missing meta.preset for key "["admin","sections","e27f44c5-044a-5dda-80d1-ccd4bb324163",null,null,null]". Defaulting to "list". Add meta: { preset: 'static' | 'user' | 'list' | 'detail' | 'realtime' }. @ http://localhost:3000/_next/static/chunks/node_modules_next_dist_115brz8._.js:2431
[  426642ms] [LOG] [RQ] list ["admin","sections","e27f44c5-044a-5dda-80d1-ccd4bb324163",null,null,null] → FETCH @ http://localhost:3000/_next/static/chunks/node_modules_next_dist_115brz8._.js:2431
[  426813ms] [WARNING] [useAsyncQuery] Missing meta.preset for key "["admin","schoolYears","list",null]". Defaulting to "list". Add meta: { preset: 'static' | 'user' | 'list' | 'detail' | 'realtime' }. @ http://localhost:3000/_next/static/chunks/node_modules_next_dist_115brz8._.js:2431
[  426814ms] [LOG] [RQ] list ["admin","schoolYears","list",null] → CACHE_HIT @ http://localhost:3000/_next/static/chunks/node_modules_next_dist_115brz8._.js:2431
[  426815ms] [WARNING] [useAsyncQuery] Missing meta.preset for key "["admin","studentEnrollment","list",{"schoolYearId":"e27f44c5-044a-5dda-80d1-ccd4bb324163","page":1,"limit":20}]". Defaulting to "list". Add meta: { preset: 'static' | 'user' | 'list' | 'detail' | 'realtime' }. @ http://localhost:3000/_next/static/chunks/node_modules_next_dist_115brz8._.js:2431
[  426816ms] [LOG] [RQ] list ["admin","studentEnrollment","list",{"schoolYearId":"e27f44c5-044a-5dda-80d1-ccd4bb324163","page":1,"limit":20}] → FETCH @ http://localhost:3000/_next/static/chunks/node_modules_next_dist_115brz8._.js:2431
[  426817ms] [LOG] [RQ] list ["admin","students","list",null] → CACHE_HIT @ http://localhost:3000/_next/static/chunks/node_modules_next_dist_115brz8._.js:2431
[  426818ms] [WARNING] [useAsyncQuery] Missing meta.preset for key "["admin","schoolYears","readiness","e27f44c5-044a-5dda-80d1-ccd4bb324163"]". Defaulting to "list". Add meta: { preset: 'static' | 'user' | 'list' | 'detail' | 'realtime' }. @ http://localhost:3000/_next/static/chunks/node_modules_next_dist_115brz8._.js:2431
[  426818ms] [LOG] [RQ] list ["admin","schoolYears","readiness","e27f44c5-044a-5dda-80d1-ccd4bb324163"] → FETCH @ http://localhost:3000/_next/static/chunks/node_modules_next_dist_115brz8._.js:2431
[  426819ms] [WARNING] [useAsyncQuery] Missing meta.preset for key "["admin","sections","e27f44c5-044a-5dda-80d1-ccd4bb324163",null,null,null]". Defaulting to "list". Add meta: { preset: 'static' | 'user' | 'list' | 'detail' | 'realtime' }. @ http://localhost:3000/_next/static/chunks/node_modules_next_dist_115brz8._.js:2431
[  426820ms] [LOG] [RQ] list ["admin","sections","e27f44c5-044a-5dda-80d1-ccd4bb324163",null,null,null] → FETCH @ http://localhost:3000/_next/static/chunks/node_modules_next_dist_115brz8._.js:2431
[  426825ms] [WARNING] [useAsyncQuery] Missing meta.preset for key "["admin","schoolYears","list",null]". Defaulting to "list". Add meta: { preset: 'static' | 'user' | 'list' | 'detail' | 'realtime' }. @ http://localhost:3000/_next/static/chunks/node_modules_next_dist_115brz8._.js:2431
[  426826ms] [LOG] [RQ] list ["admin","schoolYears","list",null] → CACHE_HIT @ http://localhost:3000/_next/static/chunks/node_modules_next_dist_115brz8._.js:2431
[  426827ms] [WARNING] [useAsyncQuery] Missing meta.preset for key "["admin","studentEnrollment","list",{"schoolYearId":"e27f44c5-044a-5dda-80d1-ccd4bb324163","page":1,"limit":20}]". Defaulting to "list". Add meta: { preset: 'static' | 'user' | 'list' | 'detail' | 'realtime' }. @ http://localhost:3000/_next/static/chunks/node_modules_next_dist_115brz8._.js:2431
[  426828ms] [LOG] [RQ] list ["admin","studentEnrollment","list",{"schoolYearId":"e27f44c5-044a-5dda-80d1-ccd4bb324163","page":1,"limit":20}] → FETCH @ http://localhost:3000/_next/static/chunks/node_modules_next_dist_115brz8._.js:2431
[  426829ms] [LOG] [RQ] list ["admin","students","list",null] → CACHE_HIT @ http://localhost:3000/_next/static/chunks/node_modules_next_dist_115brz8._.js:2431
[  426830ms] [WARNING] [useAsyncQuery] Missing meta.preset for key "["admin","schoolYears","readiness","e27f44c5-044a-5dda-80d1-ccd4bb324163"]". Defaulting to "list". Add meta: { preset: 'static' | 'user' | 'list' | 'detail' | 'realtime' }. @ http://localhost:3000/_next/static/chunks/node_modules_next_dist_115brz8._.js:2431
[  426830ms] [LOG] [RQ] list ["admin","schoolYears","readiness","e27f44c5-044a-5dda-80d1-ccd4bb324163"] → FETCH @ http://localhost:3000/_next/static/chunks/node_modules_next_dist_115brz8._.js:2431
[  426831ms] [WARNING] [useAsyncQuery] Missing meta.preset for key "["admin","sections","e27f44c5-044a-5dda-80d1-ccd4bb324163",null,null,null]". Defaulting to "list". Add meta: { preset: 'static' | 'user' | 'list' | 'detail' | 'realtime' }. @ http://localhost:3000/_next/static/chunks/node_modules_next_dist_115brz8._.js:2431
[  426832ms] [LOG] [RQ] list ["admin","sections","e27f44c5-044a-5dda-80d1-ccd4bb324163",null,null,null] → FETCH @ http://localhost:3000/_next/static/chunks/node_modules_next_dist_115brz8._.js:2431
[  428216ms] [WARNING] [useAsyncQuery] Missing meta.preset for key "["admin","schoolYears","list",null]". Defaulting to "list". Add meta: { preset: 'static' | 'user' | 'list' | 'detail' | 'realtime' }. @ http://localhost:3000/_next/static/chunks/node_modules_next_dist_115brz8._.js:2431
[  428217ms] [LOG] [RQ] list ["admin","schoolYears","list",null] → CACHE_HIT @ http://localhost:3000/_next/static/chunks/node_modules_next_dist_115brz8._.js:2431
[  428218ms] [WARNING] [useAsyncQuery] Missing meta.preset for key "["admin","studentEnrollment","list",{"schoolYearId":"e27f44c5-044a-5dda-80d1-ccd4bb324163","page":1,"limit":20}]". Defaulting to "list". Add meta: { preset: 'static' | 'user' | 'list' | 'detail' | 'realtime' }. @ http://localhost:3000/_next/static/chunks/node_modules_next_dist_115brz8._.js:2431
[  428219ms] [LOG] [RQ] list ["admin","studentEnrollment","list",{"schoolYearId":"e27f44c5-044a-5dda-80d1-ccd4bb324163","page":1,"limit":20}] → CACHE_HIT @ http://localhost:3000/_next/static/chunks/node_modules_next_dist_115brz8._.js:2431
[  428225ms] [LOG] [RQ] list ["admin","students","list",null] → CACHE_HIT @ http://localhost:3000/_next/static/chunks/node_modules_next_dist_115brz8._.js:2431
[  428232ms] [WARNING] [useAsyncQuery] Missing meta.preset for key "["admin","schoolYears","readiness","e27f44c5-044a-5dda-80d1-ccd4bb324163"]". Defaulting to "list". Add meta: { preset: 'static' | 'user' | 'list' | 'detail' | 'realtime' }. @ http://localhost:3000/_next/static/chunks/node_modules_next_dist_115brz8._.js:2431
[  428233ms] [LOG] [RQ] list ["admin","schoolYears","readiness","e27f44c5-044a-5dda-80d1-ccd4bb324163"] → FETCH @ http://localhost:3000/_next/static/chunks/node_modules_next_dist_115brz8._.js:2431
[  428242ms] [WARNING] [useAsyncQuery] Missing meta.preset for key "["admin","sections","e27f44c5-044a-5dda-80d1-ccd4bb324163",null,null,null]". Defaulting to "list". Add meta: { preset: 'static' | 'user' | 'list' | 'detail' | 'realtime' }. @ http://localhost:3000/_next/static/chunks/node_modules_next_dist_115brz8._.js:2431
[  428244ms] [LOG] [RQ] list ["admin","sections","e27f44c5-044a-5dda-80d1-ccd4bb324163",null,null,null] → FETCH @ http://localhost:3000/_next/static/chunks/node_modules_next_dist_115brz8._.js:2431
[  428271ms] [WARNING] [useAsyncQuery] Missing meta.preset for key "["admin","schoolYears","list",null]". Defaulting to "list". Add meta: { preset: 'static' | 'user' | 'list' | 'detail' | 'realtime' }. @ http://localhost:3000/_next/static/chunks/node_modules_next_dist_115brz8._.js:2431
[  428275ms] [LOG] [RQ] list ["admin","schoolYears","list",null] → CACHE_HIT @ http://localhost:3000/_next/static/chunks/node_modules_next_dist_115brz8._.js:2431
[  428277ms] [WARNING] [useAsyncQuery] Missing meta.preset for key "["admin","studentEnrollment","list",{"schoolYearId":"e27f44c5-044a-5dda-80d1-ccd4bb324163","page":1,"limit":20}]". Defaulting to "list". Add meta: { preset: 'static' | 'user' | 'list' | 'detail' | 'realtime' }. @ http://localhost:3000/_next/static/chunks/node_modules_next_dist_115brz8._.js:2431
[  428280ms] [LOG] [RQ] list ["admin","studentEnrollment","list",{"schoolYearId":"e27f44c5-044a-5dda-80d1-ccd4bb324163","page":1,"limit":20}] → CACHE_HIT @ http://localhost:3000/_next/static/chunks/node_modules_next_dist_115brz8._.js:2431
[  428281ms] [LOG] [RQ] list ["admin","students","list",null] → CACHE_HIT @ http://localhost:3000/_next/static/chunks/node_modules_next_dist_115brz8._.js:2431
[  428282ms] [WARNING] [useAsyncQuery] Missing meta.preset for key "["admin","schoolYears","readiness","e27f44c5-044a-5dda-80d1-ccd4bb324163"]". Defaulting to "list". Add meta: { preset: 'static' | 'user' | 'list' | 'detail' | 'realtime' }. @ http://localhost:3000/_next/static/chunks/node_modules_next_dist_115brz8._.js:2431
[  428283ms] [LOG] [RQ] list ["admin","schoolYears","readiness","e27f44c5-044a-5dda-80d1-ccd4bb324163"] → FETCH @ http://localhost:3000/_next/static/chunks/node_modules_next_dist_115brz8._.js:2431
[  428284ms] [WARNING] [useAsyncQuery] Missing meta.preset for key "["admin","sections","e27f44c5-044a-5dda-80d1-ccd4bb324163",null,null,null]". Defaulting to "list". Add meta: { preset: 'static' | 'user' | 'list' | 'detail' | 'realtime' }. @ http://localhost:3000/_next/static/chunks/node_modules_next_dist_115brz8._.js:2431
[  428285ms] [LOG] [RQ] list ["admin","sections","e27f44c5-044a-5dda-80d1-ccd4bb324163",null,null,null] → FETCH @ http://localhost:3000/_next/static/chunks/node_modules_next_dist_115brz8._.js:2431
[  431626ms] [WARNING] [useAsyncQuery] Missing meta.preset for key "["admin","schoolYears","list",null]". Defaulting to "list". Add meta: { preset: 'static' | 'user' | 'list' | 'detail' | 'realtime' }. @ http://localhost:3000/_next/static/chunks/node_modules_next_dist_115brz8._.js:2431
[  431627ms] [LOG] [RQ] list ["admin","schoolYears","list",null] → CACHE_HIT @ http://localhost:3000/_next/static/chunks/node_modules_next_dist_115brz8._.js:2431
[  431628ms] [WARNING] [useAsyncQuery] Missing meta.preset for key "["admin","studentEnrollment","list",{"schoolYearId":"e27f44c5-044a-5dda-80d1-ccd4bb324163","page":1,"limit":20}]". Defaulting to "list". Add meta: { preset: 'static' | 'user' | 'list' | 'detail' | 'realtime' }. @ http://localhost:3000/_next/static/chunks/node_modules_next_dist_115brz8._.js:2431
[  431629ms] [LOG] [RQ] list ["admin","studentEnrollment","list",{"schoolYearId":"e27f44c5-044a-5dda-80d1-ccd4bb324163","page":1,"limit":20}] → CACHE_HIT @ http://localhost:3000/_next/static/chunks/node_modules_next_dist_115brz8._.js:2431
[  431630ms] [LOG] [RQ] list ["admin","students","list",null] → CACHE_HIT @ http://localhost:3000/_next/static/chunks/node_modules_next_dist_115brz8._.js:2431
[  431631ms] [WARNING] [useAsyncQuery] Missing meta.preset for key "["admin","schoolYears","readiness","e27f44c5-044a-5dda-80d1-ccd4bb324163"]". Defaulting to "list". Add meta: { preset: 'static' | 'user' | 'list' | 'detail' | 'realtime' }. @ http://localhost:3000/_next/static/chunks/node_modules_next_dist_115brz8._.js:2431
[  431634ms] [LOG] [RQ] list ["admin","schoolYears","readiness","e27f44c5-044a-5dda-80d1-ccd4bb324163"] → FETCH @ http://localhost:3000/_next/static/chunks/node_modules_next_dist_115brz8._.js:2431
[  431635ms] [WARNING] [useAsyncQuery] Missing meta.preset for key "["admin","sections","e27f44c5-044a-5dda-80d1-ccd4bb324163",null,null,null]". Defaulting to "list". Add meta: { preset: 'static' | 'user' | 'list' | 'detail' | 'realtime' }. @ http://localhost:3000/_next/static/chunks/node_modules_next_dist_115brz8._.js:2431
[  431637ms] [LOG] [RQ] list ["admin","sections","e27f44c5-044a-5dda-80d1-ccd4bb324163",null,null,null] → CACHE_HIT @ http://localhost:3000/_next/static/chunks/node_modules_next_dist_115brz8._.js:2431
[  431645ms] [WARNING] [useAsyncQuery] Missing meta.preset for key "["admin","schoolYears","list",null]". Defaulting to "list". Add meta: { preset: 'static' | 'user' | 'list' | 'detail' | 'realtime' }. @ http://localhost:3000/_next/static/chunks/node_modules_next_dist_115brz8._.js:2431
[  431646ms] [LOG] [RQ] list ["admin","schoolYears","list",null] → CACHE_HIT @ http://localhost:3000/_next/static/chunks/node_modules_next_dist_115brz8._.js:2431
[  431648ms] [WARNING] [useAsyncQuery] Missing meta.preset for key "["admin","studentEnrollment","list",{"schoolYearId":"e27f44c5-044a-5dda-80d1-ccd4bb324163","page":1,"limit":20}]". Defaulting to "list". Add meta: { preset: 'static' | 'user' | 'list' | 'detail' | 'realtime' }. @ http://localhost:3000/_next/static/chunks/node_modules_next_dist_115brz8._.js:2431
[  431650ms] [LOG] [RQ] list ["admin","studentEnrollment","list",{"schoolYearId":"e27f44c5-044a-5dda-80d1-ccd4bb324163","page":1,"limit":20}] → CACHE_HIT @ http://localhost:3000/_next/static/chunks/node_modules_next_dist_115brz8._.js:2431
[  431652ms] [LOG] [RQ] list ["admin","students","list",null] → CACHE_HIT @ http://localhost:3000/_next/static/chunks/node_modules_next_dist_115brz8._.js:2431
[  431653ms] [WARNING] [useAsyncQuery] Missing meta.preset for key "["admin","schoolYears","readiness","e27f44c5-044a-5dda-80d1-ccd4bb324163"]". Defaulting to "list". Add meta: { preset: 'static' | 'user' | 'list' | 'detail' | 'realtime' }. @ http://localhost:3000/_next/static/chunks/node_modules_next_dist_115brz8._.js:2431
[  431654ms] [LOG] [RQ] list ["admin","schoolYears","readiness","e27f44c5-044a-5dda-80d1-ccd4bb324163"] → FETCH @ http://localhost:3000/_next/static/chunks/node_modules_next_dist_115brz8._.js:2431
[  431655ms] [WARNING] [useAsyncQuery] Missing meta.preset for key "["admin","sections","e27f44c5-044a-5dda-80d1-ccd4bb324163",null,null,null]". Defaulting to "list". Add meta: { preset: 'static' | 'user' | 'list' | 'detail' | 'realtime' }. @ http://localhost:3000/_next/static/chunks/node_modules_next_dist_115brz8._.js:2431
[  431656ms] [LOG] [RQ] list ["admin","sections","e27f44c5-044a-5dda-80d1-ccd4bb324163",null,null,null] → CACHE_HIT @ http://localhost:3000/_next/static/chunks/node_modules_next_dist_115brz8._.js:2431
[  432819ms] [WARNING] [useAsyncQuery] Missing meta.preset for key "["admin","schoolYears","list",null]". Defaulting to "list". Add meta: { preset: 'static' | 'user' | 'list' | 'detail' | 'realtime' }. @ http://localhost:3000/_next/static/chunks/node_modules_next_dist_115brz8._.js:2431
[  432820ms] [LOG] [RQ] list ["admin","schoolYears","list",null] → CACHE_HIT @ http://localhost:3000/_next/static/chunks/node_modules_next_dist_115brz8._.js:2431
[  432821ms] [WARNING] [useAsyncQuery] Missing meta.preset for key "["admin","studentEnrollment","list",{"schoolYearId":"e27f44c5-044a-5dda-80d1-ccd4bb324163","page":1,"limit":20}]". Defaulting to "list". Add meta: { preset: 'static' | 'user' | 'list' | 'detail' | 'realtime' }. @ http://localhost:3000/_next/static/chunks/node_modules_next_dist_115brz8._.js:2431
[  432822ms] [LOG] [RQ] list ["admin","studentEnrollment","list",{"schoolYearId":"e27f44c5-044a-5dda-80d1-ccd4bb324163","page":1,"limit":20}] → CACHE_HIT @ http://localhost:3000/_next/static/chunks/node_modules_next_dist_115brz8._.js:2431
[  432823ms] [LOG] [RQ] list ["admin","students","list",null] → CACHE_HIT @ http://localhost:3000/_next/static/chunks/node_modules_next_dist_115brz8._.js:2431
[  432824ms] [WARNING] [useAsyncQuery] Missing meta.preset for key "["admin","schoolYears","readiness","e27f44c5-044a-5dda-80d1-ccd4bb324163"]". Defaulting to "list". Add meta: { preset: 'static' | 'user' | 'list' | 'detail' | 'realtime' }. @ http://localhost:3000/_next/static/chunks/node_modules_next_dist_115brz8._.js:2431
[  432825ms] [LOG] [RQ] list ["admin","schoolYears","readiness","e27f44c5-044a-5dda-80d1-ccd4bb324163"] → CACHE_HIT @ http://localhost:3000/_next/static/chunks/node_modules_next_dist_115brz8._.js:2431
[  432826ms] [WARNING] [useAsyncQuery] Missing meta.preset for key "["admin","sections","e27f44c5-044a-5dda-80d1-ccd4bb324163",null,null,null]". Defaulting to "list". Add meta: { preset: 'static' | 'user' | 'list' | 'detail' | 'realtime' }. @ http://localhost:3000/_next/static/chunks/node_modules_next_dist_115brz8._.js:2431
[  432827ms] [LOG] [RQ] list ["admin","sections","e27f44c5-044a-5dda-80d1-ccd4bb324163",null,null,null] → CACHE_HIT @ http://localhost:3000/_next/static/chunks/node_modules_next_dist_115brz8._.js:2431
[  432831ms] [WARNING] [useAsyncQuery] Missing meta.preset for key "["admin","schoolYears","list",null]". Defaulting to "list". Add meta: { preset: 'static' | 'user' | 'list' | 'detail' | 'realtime' }. @ http://localhost:3000/_next/static/chunks/node_modules_next_dist_115brz8._.js:2431
[  432832ms] [LOG] [RQ] list ["admin","schoolYears","list",null] → CACHE_HIT @ http://localhost:3000/_next/static/chunks/node_modules_next_dist_115brz8._.js:2431
[  432833ms] [WARNING] [useAsyncQuery] Missing meta.preset for key "["admin","studentEnrollment","list",{"schoolYearId":"e27f44c5-044a-5dda-80d1-ccd4bb324163","page":1,"limit":20}]". Defaulting to "list". Add meta: { preset: 'static' | 'user' | 'list' | 'detail' | 'realtime' }. @ http://localhost:3000/_next/static/chunks/node_modules_next_dist_115brz8._.js:2431
[  432834ms] [LOG] [RQ] list ["admin","studentEnrollment","list",{"schoolYearId":"e27f44c5-044a-5dda-80d1-ccd4bb324163","page":1,"limit":20}] → CACHE_HIT @ http://localhost:3000/_next/static/chunks/node_modules_next_dist_115brz8._.js:2431
[  432836ms] [LOG] [RQ] list ["admin","students","list",null] → CACHE_HIT @ http://localhost:3000/_next/static/chunks/node_modules_next_dist_115brz8._.js:2431
[  432838ms] [WARNING] [useAsyncQuery] Missing meta.preset for key "["admin","schoolYears","readiness","e27f44c5-044a-5dda-80d1-ccd4bb324163"]". Defaulting to "list". Add meta: { preset: 'static' | 'user' | 'list' | 'detail' | 'realtime' }. @ http://localhost:3000/_next/static/chunks/node_modules_next_dist_115brz8._.js:2431
[  432839ms] [LOG] [RQ] list ["admin","schoolYears","readiness","e27f44c5-044a-5dda-80d1-ccd4bb324163"] → CACHE_HIT @ http://localhost:3000/_next/static/chunks/node_modules_next_dist_115brz8._.js:2431
[  432840ms] [WARNING] [useAsyncQuery] Missing meta.preset for key "["admin","sections","e27f44c5-044a-5dda-80d1-ccd4bb324163",null,null,null]". Defaulting to "list". Add meta: { preset: 'static' | 'user' | 'list' | 'detail' | 'realtime' }. @ http://localhost:3000/_next/static/chunks/node_modules_next_dist_115brz8._.js:2431
[  432840ms] [LOG] [RQ] list ["admin","sections","e27f44c5-044a-5dda-80d1-ccd4bb324163",null,null,null] → CACHE_HIT @ http://localhost:3000/_next/static/chunks/node_modules_next_dist_115brz8._.js:2431
[  451951ms] [LOG] [Fast Refresh] rebuilding @ http://localhost:3000/_next/static/chunks/node_modules_next_dist_115brz8._.js:2431
[  451977ms] [LOG] [Fast Refresh] done in 142ms @ http://localhost:3000/_next/static/chunks/node_modules_next_dist_115brz8._.js:2431
[  452348ms] [INFO] %cDownload the React DevTools for a better development experience: https://react.dev/link/react-devtools font-weight:bold @ http://localhost:3000/_next/static/chunks/node_modules_next_dist_115brz8._.js:2431
[  452519ms] [LOG] [HMR] connected @ http://localhost:3000/_next/static/chunks/node_modules_next_dist_115brz8._.js:2431
[  452812ms] [LOG] [RQ] user ["auth","me"] → FETCH @ http://localhost:3000/_next/static/chunks/node_modules_next_dist_115brz8._.js:2431
[  452817ms] [LOG] [RQ] user ["auth","me"] → FETCH @ http://localhost:3000/_next/static/chunks/node_modules_next_dist_115brz8._.js:2431
[  454375ms] [LOG] [RQ] user ["auth","me"] → FETCH @ http://localhost:3000/_next/static/chunks/node_modules_next_dist_115brz8._.js:2431
[  454376ms] [LOG] [RQ] user ["auth","me"] → FETCH @ http://localhost:3000/_next/static/chunks/node_modules_next_dist_115brz8._.js:2431
[  455382ms] [LOG] [RQ] user ["auth","me"] → CACHE_HIT @ http://localhost:3000/_next/static/chunks/node_modules_next_dist_115brz8._.js:2431
[  455383ms] [LOG] [RQ] user ["auth","me"] → CACHE_HIT @ http://localhost:3000/_next/static/chunks/node_modules_next_dist_115brz8._.js:2431
[  455390ms] [LOG] [RQ] static ["admin","organization","detail"] → FETCH @ http://localhost:3000/_next/static/chunks/node_modules_next_dist_115brz8._.js:2431
[  455392ms] [LOG] [RQ] static ["admin","organization","detail"] → FETCH @ http://localhost:3000/_next/static/chunks/node_modules_next_dist_115brz8._.js:2431
[  455527ms] [WARNING] [useAsyncQuery] Missing meta.preset for key "["admin","schoolYears","list",null]". Defaulting to "list". Add meta: { preset: 'static' | 'user' | 'list' | 'detail' | 'realtime' }. @ http://localhost:3000/_next/static/chunks/node_modules_next_dist_115brz8._.js:2431
[  455528ms] [LOG] [RQ] list ["admin","schoolYears","list",null] → FETCH @ http://localhost:3000/_next/static/chunks/node_modules_next_dist_115brz8._.js:2431
[  455529ms] [WARNING] [useAsyncQuery] Missing meta.preset for key "["admin","studentEnrollment","list",{"schoolYearId":"","page":1,"limit":20}]". Defaulting to "list". Add meta: { preset: 'static' | 'user' | 'list' | 'detail' | 'realtime' }. @ http://localhost:3000/_next/static/chunks/node_modules_next_dist_115brz8._.js:2431
[  455529ms] [LOG] [RQ] list ["admin","studentEnrollment","list",{"schoolYearId":"","page":1,"limit":20}] → FETCH @ http://localhost:3000/_next/static/chunks/node_modules_next_dist_115brz8._.js:2431
[  455530ms] [LOG] [RQ] list ["admin","students","list",null] → FETCH @ http://localhost:3000/_next/static/chunks/node_modules_next_dist_115brz8._.js:2431
[  455531ms] [WARNING] [useAsyncQuery] Missing meta.preset for key "["admin","schoolYears","readiness",""]". Defaulting to "list". Add meta: { preset: 'static' | 'user' | 'list' | 'detail' | 'realtime' }. @ http://localhost:3000/_next/static/chunks/node_modules_next_dist_115brz8._.js:2431
[  455532ms] [LOG] [RQ] list ["admin","schoolYears","readiness",""] → FETCH @ http://localhost:3000/_next/static/chunks/node_modules_next_dist_115brz8._.js:2431
[  455533ms] [WARNING] [useAsyncQuery] Missing meta.preset for key "["admin","sections",null,null,null,null]". Defaulting to "list". Add meta: { preset: 'static' | 'user' | 'list' | 'detail' | 'realtime' }. @ http://localhost:3000/_next/static/chunks/node_modules_next_dist_115brz8._.js:2431
[  455534ms] [LOG] [RQ] list ["admin","sections",null,null,null,null] → FETCH @ http://localhost:3000/_next/static/chunks/node_modules_next_dist_115brz8._.js:2431
[  455537ms] [WARNING] [useAsyncQuery] Missing meta.preset for key "["admin","schoolYears","list",null]". Defaulting to "list". Add meta: { preset: 'static' | 'user' | 'list' | 'detail' | 'realtime' }. @ http://localhost:3000/_next/static/chunks/node_modules_next_dist_115brz8._.js:2431
[  455538ms] [LOG] [RQ] list ["admin","schoolYears","list",null] → FETCH @ http://localhost:3000/_next/static/chunks/node_modules_next_dist_115brz8._.js:2431
[  455539ms] [WARNING] [useAsyncQuery] Missing meta.preset for key "["admin","studentEnrollment","list",{"schoolYearId":"","page":1,"limit":20}]". Defaulting to "list". Add meta: { preset: 'static' | 'user' | 'list' | 'detail' | 'realtime' }. @ http://localhost:3000/_next/static/chunks/node_modules_next_dist_115brz8._.js:2431
[  455540ms] [LOG] [RQ] list ["admin","studentEnrollment","list",{"schoolYearId":"","page":1,"limit":20}] → FETCH @ http://localhost:3000/_next/static/chunks/node_modules_next_dist_115brz8._.js:2431
[  455541ms] [LOG] [RQ] list ["admin","students","list",null] → FETCH @ http://localhost:3000/_next/static/chunks/node_modules_next_dist_115brz8._.js:2431
[  455543ms] [WARNING] [useAsyncQuery] Missing meta.preset for key "["admin","schoolYears","readiness",""]". Defaulting to "list". Add meta: { preset: 'static' | 'user' | 'list' | 'detail' | 'realtime' }. @ http://localhost:3000/_next/static/chunks/node_modules_next_dist_115brz8._.js:2431
[  455548ms] [LOG] [RQ] list ["admin","schoolYears","readiness",""] → FETCH @ http://localhost:3000/_next/static/chunks/node_modules_next_dist_115brz8._.js:2431
[  455549ms] [WARNING] [useAsyncQuery] Missing meta.preset for key "["admin","sections",null,null,null,null]". Defaulting to "list". Add meta: { preset: 'static' | 'user' | 'list' | 'detail' | 'realtime' }. @ http://localhost:3000/_next/static/chunks/node_modules_next_dist_115brz8._.js:2431
[  455550ms] [LOG] [RQ] list ["admin","sections",null,null,null,null] → FETCH @ http://localhost:3000/_next/static/chunks/node_modules_next_dist_115brz8._.js:2431
[  455565ms] [WARNING] [useAsyncQuery] Missing meta.preset for key "["admin","organization","detail"]". Defaulting to "list". Add meta: { preset: 'static' | 'user' | 'list' | 'detail' | 'realtime' }. @ http://localhost:3000/_next/static/chunks/node_modules_next_dist_115brz8._.js:2431
[  455566ms] [LOG] [RQ] list ["admin","organization","detail"] → FETCH @ http://localhost:3000/_next/static/chunks/node_modules_next_dist_115brz8._.js:2431
[  455566ms] [WARNING] [useAsyncQuery] Missing meta.preset for key "["admin","organization","detail"]". Defaulting to "list". Add meta: { preset: 'static' | 'user' | 'list' | 'detail' | 'realtime' }. @ http://localhost:3000/_next/static/chunks/node_modules_next_dist_115brz8._.js:2431
[  455567ms] [LOG] [RQ] list ["admin","organization","detail"] → FETCH @ http://localhost:3000/_next/static/chunks/node_modules_next_dist_115brz8._.js:2431
[  456890ms] [LOG] [RQ] static ["admin","organization","detail"] → CACHE_HIT @ http://localhost:3000/_next/static/chunks/node_modules_next_dist_115brz8._.js:2431
[  456891ms] [LOG] [RQ] static ["admin","organization","detail"] → CACHE_HIT @ http://localhost:3000/_next/static/chunks/node_modules_next_dist_115brz8._.js:2431
[  456892ms] [WARNING] [useAsyncQuery] Missing meta.preset for key "["admin","schoolYears","list",null]". Defaulting to "list". Add meta: { preset: 'static' | 'user' | 'list' | 'detail' | 'realtime' }. @ http://localhost:3000/_next/static/chunks/node_modules_next_dist_115brz8._.js:2431
[  456893ms] [LOG] [RQ] list ["admin","schoolYears","list",null] → FETCH @ http://localhost:3000/_next/static/chunks/node_modules_next_dist_115brz8._.js:2431
[  456894ms] [WARNING] [useAsyncQuery] Missing meta.preset for key "["admin","studentEnrollment","list",{"schoolYearId":"","page":1,"limit":20}]". Defaulting to "list". Add meta: { preset: 'static' | 'user' | 'list' | 'detail' | 'realtime' }. @ http://localhost:3000/_next/static/chunks/node_modules_next_dist_115brz8._.js:2431
[  456895ms] [LOG] [RQ] list ["admin","studentEnrollment","list",{"schoolYearId":"","page":1,"limit":20}] → FETCH @ http://localhost:3000/_next/static/chunks/node_modules_next_dist_115brz8._.js:2431
[  456896ms] [LOG] [RQ] list ["admin","students","list",null] → FETCH @ http://localhost:3000/_next/static/chunks/node_modules_next_dist_115brz8._.js:2431
[  456897ms] [WARNING] [useAsyncQuery] Missing meta.preset for key "["admin","schoolYears","readiness",""]". Defaulting to "list". Add meta: { preset: 'static' | 'user' | 'list' | 'detail' | 'realtime' }. @ http://localhost:3000/_next/static/chunks/node_modules_next_dist_115brz8._.js:2431
[  456897ms] [LOG] [RQ] list ["admin","schoolYears","readiness",""] → FETCH @ http://localhost:3000/_next/static/chunks/node_modules_next_dist_115brz8._.js:2431
[  456898ms] [WARNING] [useAsyncQuery] Missing meta.preset for key "["admin","sections",null,null,null,null]". Defaulting to "list". Add meta: { preset: 'static' | 'user' | 'list' | 'detail' | 'realtime' }. @ http://localhost:3000/_next/static/chunks/node_modules_next_dist_115brz8._.js:2431
[  456899ms] [LOG] [RQ] list ["admin","sections",null,null,null,null] → FETCH @ http://localhost:3000/_next/static/chunks/node_modules_next_dist_115brz8._.js:2431
[  456901ms] [WARNING] [useAsyncQuery] Missing meta.preset for key "["admin","schoolYears","list",null]". Defaulting to "list". Add meta: { preset: 'static' | 'user' | 'list' | 'detail' | 'realtime' }. @ http://localhost:3000/_next/static/chunks/node_modules_next_dist_115brz8._.js:2431
[  456902ms] [LOG] [RQ] list ["admin","schoolYears","list",null] → FETCH @ http://localhost:3000/_next/static/chunks/node_modules_next_dist_115brz8._.js:2431
[  456903ms] [WARNING] [useAsyncQuery] Missing meta.preset for key "["admin","studentEnrollment","list",{"schoolYearId":"","page":1,"limit":20}]". Defaulting to "list". Add meta: { preset: 'static' | 'user' | 'list' | 'detail' | 'realtime' }. @ http://localhost:3000/_next/static/chunks/node_modules_next_dist_115brz8._.js:2431
[  456904ms] [LOG] [RQ] list ["admin","studentEnrollment","list",{"schoolYearId":"","page":1,"limit":20}] → FETCH @ http://localhost:3000/_next/static/chunks/node_modules_next_dist_115brz8._.js:2431
[  456905ms] [LOG] [RQ] list ["admin","students","list",null] → FETCH @ http://localhost:3000/_next/static/chunks/node_modules_next_dist_115brz8._.js:2431
[  456906ms] [WARNING] [useAsyncQuery] Missing meta.preset for key "["admin","schoolYears","readiness",""]". Defaulting to "list". Add meta: { preset: 'static' | 'user' | 'list' | 'detail' | 'realtime' }. @ http://localhost:3000/_next/static/chunks/node_modules_next_dist_115brz8._.js:2431
[  456907ms] [LOG] [RQ] list ["admin","schoolYears","readiness",""] → FETCH @ http://localhost:3000/_next/static/chunks/node_modules_next_dist_115brz8._.js:2431
[  456908ms] [WARNING] [useAsyncQuery] Missing meta.preset for key "["admin","sections",null,null,null,null]". Defaulting to "list". Add meta: { preset: 'static' | 'user' | 'list' | 'detail' | 'realtime' }. @ http://localhost:3000/_next/static/chunks/node_modules_next_dist_115brz8._.js:2431
[  456909ms] [LOG] [RQ] list ["admin","sections",null,null,null,null] → FETCH @ http://localhost:3000/_next/static/chunks/node_modules_next_dist_115brz8._.js:2431
[  456918ms] [WARNING] [useAsyncQuery] Missing meta.preset for key "["admin","organization","detail"]". Defaulting to "list". Add meta: { preset: 'static' | 'user' | 'list' | 'detail' | 'realtime' }. @ http://localhost:3000/_next/static/chunks/node_modules_next_dist_115brz8._.js:2431
[  456919ms] [LOG] [RQ] list ["admin","organization","detail"] → CACHE_HIT @ http://localhost:3000/_next/static/chunks/node_modules_next_dist_115brz8._.js:2431
[  456919ms] [WARNING] [useAsyncQuery] Missing meta.preset for key "["admin","organization","detail"]". Defaulting to "list". Add meta: { preset: 'static' | 'user' | 'list' | 'detail' | 'realtime' }. @ http://localhost:3000/_next/static/chunks/node_modules_next_dist_115brz8._.js:2431
[  456920ms] [LOG] [RQ] list ["admin","organization","detail"] → CACHE_HIT @ http://localhost:3000/_next/static/chunks/node_modules_next_dist_115brz8._.js:2431
[  456929ms] [WARNING] [useAsyncQuery] Missing meta.preset for key "["admin","schoolYears","list",null]". Defaulting to "list". Add meta: { preset: 'static' | 'user' | 'list' | 'detail' | 'realtime' }. @ http://localhost:3000/_next/static/chunks/node_modules_next_dist_115brz8._.js:2431
[  456929ms] [LOG] [RQ] list ["admin","schoolYears","list",null] → FETCH @ http://localhost:3000/_next/static/chunks/node_modules_next_dist_115brz8._.js:2431
[  456930ms] [WARNING] [useAsyncQuery] Missing meta.preset for key "["admin","studentEnrollment","list",{"schoolYearId":"","page":1,"limit":20}]". Defaulting to "list". Add meta: { preset: 'static' | 'user' | 'list' | 'detail' | 'realtime' }. @ http://localhost:3000/_next/static/chunks/node_modules_next_dist_115brz8._.js:2431
[  456931ms] [LOG] [RQ] list ["admin","studentEnrollment","list",{"schoolYearId":"","page":1,"limit":20}] → FETCH @ http://localhost:3000/_next/static/chunks/node_modules_next_dist_115brz8._.js:2431
[  456931ms] [LOG] [RQ] list ["admin","students","list",null] → FETCH @ http://localhost:3000/_next/static/chunks/node_modules_next_dist_115brz8._.js:2431
[  456932ms] [WARNING] [useAsyncQuery] Missing meta.preset for key "["admin","schoolYears","readiness",""]". Defaulting to "list". Add meta: { preset: 'static' | 'user' | 'list' | 'detail' | 'realtime' }. @ http://localhost:3000/_next/static/chunks/node_modules_next_dist_115brz8._.js:2431
[  456933ms] [LOG] [RQ] list ["admin","schoolYears","readiness",""] → FETCH @ http://localhost:3000/_next/static/chunks/node_modules_next_dist_115brz8._.js:2431
[  456934ms] [WARNING] [useAsyncQuery] Missing meta.preset for key "["admin","sections",null,null,null,null]". Defaulting to "list". Add meta: { preset: 'static' | 'user' | 'list' | 'detail' | 'realtime' }. @ http://localhost:3000/_next/static/chunks/node_modules_next_dist_115brz8._.js:2431
[  456935ms] [LOG] [RQ] list ["admin","sections",null,null,null,null] → FETCH @ http://localhost:3000/_next/static/chunks/node_modules_next_dist_115brz8._.js:2431
[  456937ms] [WARNING] [useAsyncQuery] Missing meta.preset for key "["admin","schoolYears","list",null]". Defaulting to "list". Add meta: { preset: 'static' | 'user' | 'list' | 'detail' | 'realtime' }. @ http://localhost:3000/_next/static/chunks/node_modules_next_dist_115brz8._.js:2431
[  456937ms] [LOG] [RQ] list ["admin","schoolYears","list",null] → FETCH @ http://localhost:3000/_next/static/chunks/node_modules_next_dist_115brz8._.js:2431
[  456939ms] [WARNING] [useAsyncQuery] Missing meta.preset for key "["admin","studentEnrollment","list",{"schoolYearId":"","page":1,"limit":20}]". Defaulting to "list". Add meta: { preset: 'static' | 'user' | 'list' | 'detail' | 'realtime' }. @ http://localhost:3000/_next/static/chunks/node_modules_next_dist_115brz8._.js:2431
[  456940ms] [LOG] [RQ] list ["admin","studentEnrollment","list",{"schoolYearId":"","page":1,"limit":20}] → FETCH @ http://localhost:3000/_next/static/chunks/node_modules_next_dist_115brz8._.js:2431
[  456941ms] [LOG] [RQ] list ["admin","students","list",null] → FETCH @ http://localhost:3000/_next/static/chunks/node_modules_next_dist_115brz8._.js:2431
[  456942ms] [WARNING] [useAsyncQuery] Missing meta.preset for key "["admin","schoolYears","readiness",""]". Defaulting to "list". Add meta: { preset: 'static' | 'user' | 'list' | 'detail' | 'realtime' }. @ http://localhost:3000/_next/static/chunks/node_modules_next_dist_115brz8._.js:2431
[  456943ms] [LOG] [RQ] list ["admin","schoolYears","readiness",""] → FETCH @ http://localhost:3000/_next/static/chunks/node_modules_next_dist_115brz8._.js:2431
[  456944ms] [WARNING] [useAsyncQuery] Missing meta.preset for key "["admin","sections",null,null,null,null]". Defaulting to "list". Add meta: { preset: 'static' | 'user' | 'list' | 'detail' | 'realtime' }. @ http://localhost:3000/_next/static/chunks/node_modules_next_dist_115brz8._.js:2431
[  456944ms] [LOG] [RQ] list ["admin","sections",null,null,null,null] → FETCH @ http://localhost:3000/_next/static/chunks/node_modules_next_dist_115brz8._.js:2431
[  458525ms] [WARNING] [useAsyncQuery] Missing meta.preset for key "["admin","schoolYears","list",null]". Defaulting to "list". Add meta: { preset: 'static' | 'user' | 'list' | 'detail' | 'realtime' }. @ http://localhost:3000/_next/static/chunks/node_modules_next_dist_115brz8._.js:2431
[  458526ms] [LOG] [RQ] list ["admin","schoolYears","list",null] → CACHE_HIT @ http://localhost:3000/_next/static/chunks/node_modules_next_dist_115brz8._.js:2431
[  458527ms] [WARNING] [useAsyncQuery] Missing meta.preset for key "["admin","studentEnrollment","list",{"schoolYearId":"","page":1,"limit":20}]". Defaulting to "list". Add meta: { preset: 'static' | 'user' | 'list' | 'detail' | 'realtime' }. @ http://localhost:3000/_next/static/chunks/node_modules_next_dist_115brz8._.js:2431
[  458528ms] [LOG] [RQ] list ["admin","studentEnrollment","list",{"schoolYearId":"","page":1,"limit":20}] → FETCH @ http://localhost:3000/_next/static/chunks/node_modules_next_dist_115brz8._.js:2431
[  458529ms] [LOG] [RQ] list ["admin","students","list",null] → CACHE_HIT @ http://localhost:3000/_next/static/chunks/node_modules_next_dist_115brz8._.js:2431
[  458532ms] [WARNING] [useAsyncQuery] Missing meta.preset for key "["admin","schoolYears","readiness",""]". Defaulting to "list". Add meta: { preset: 'static' | 'user' | 'list' | 'detail' | 'realtime' }. @ http://localhost:3000/_next/static/chunks/node_modules_next_dist_115brz8._.js:2431
[  458533ms] [LOG] [RQ] list ["admin","schoolYears","readiness",""] → FETCH @ http://localhost:3000/_next/static/chunks/node_modules_next_dist_115brz8._.js:2431
[  458535ms] [WARNING] [useAsyncQuery] Missing meta.preset for key "["admin","sections",null,null,null,null]". Defaulting to "list". Add meta: { preset: 'static' | 'user' | 'list' | 'detail' | 'realtime' }. @ http://localhost:3000/_next/static/chunks/node_modules_next_dist_115brz8._.js:2431
[  458536ms] [LOG] [RQ] list ["admin","sections",null,null,null,null] → FETCH @ http://localhost:3000/_next/static/chunks/node_modules_next_dist_115brz8._.js:2431
[  458538ms] [WARNING] [useAsyncQuery] Missing meta.preset for key "["admin","schoolYears","list",null]". Defaulting to "list". Add meta: { preset: 'static' | 'user' | 'list' | 'detail' | 'realtime' }. @ http://localhost:3000/_next/static/chunks/node_modules_next_dist_115brz8._.js:2431
[  458538ms] [LOG] [RQ] list ["admin","schoolYears","list",null] → CACHE_HIT @ http://localhost:3000/_next/static/chunks/node_modules_next_dist_115brz8._.js:2431
[  458540ms] [WARNING] [useAsyncQuery] Missing meta.preset for key "["admin","studentEnrollment","list",{"schoolYearId":"","page":1,"limit":20}]". Defaulting to "list". Add meta: { preset: 'static' | 'user' | 'list' | 'detail' | 'realtime' }. @ http://localhost:3000/_next/static/chunks/node_modules_next_dist_115brz8._.js:2431
[  458541ms] [LOG] [RQ] list ["admin","studentEnrollment","list",{"schoolYearId":"","page":1,"limit":20}] → FETCH @ http://localhost:3000/_next/static/chunks/node_modules_next_dist_115brz8._.js:2431
[  458542ms] [LOG] [RQ] list ["admin","students","list",null] → CACHE_HIT @ http://localhost:3000/_next/static/chunks/node_modules_next_dist_115brz8._.js:2431
[  458543ms] [WARNING] [useAsyncQuery] Missing meta.preset for key "["admin","schoolYears","readiness",""]". Defaulting to "list". Add meta: { preset: 'static' | 'user' | 'list' | 'detail' | 'realtime' }. @ http://localhost:3000/_next/static/chunks/node_modules_next_dist_115brz8._.js:2431
[  458544ms] [LOG] [RQ] list ["admin","schoolYears","readiness",""] → FETCH @ http://localhost:3000/_next/static/chunks/node_modules_next_dist_115brz8._.js:2431
[  458544ms] [WARNING] [useAsyncQuery] Missing meta.preset for key "["admin","sections",null,null,null,null]". Defaulting to "list". Add meta: { preset: 'static' | 'user' | 'list' | 'detail' | 'realtime' }. @ http://localhost:3000/_next/static/chunks/node_modules_next_dist_115brz8._.js:2431
[  458545ms] [LOG] [RQ] list ["admin","sections",null,null,null,null] → FETCH @ http://localhost:3000/_next/static/chunks/node_modules_next_dist_115brz8._.js:2431
[  458576ms] [WARNING] [useAsyncQuery] Missing meta.preset for key "["admin","schoolYears","list",null]". Defaulting to "list". Add meta: { preset: 'static' | 'user' | 'list' | 'detail' | 'realtime' }. @ http://localhost:3000/_next/static/chunks/node_modules_next_dist_115brz8._.js:2431
[  458576ms] [LOG] [RQ] list ["admin","schoolYears","list",null] → CACHE_HIT @ http://localhost:3000/_next/static/chunks/node_modules_next_dist_115brz8._.js:2431
[  458577ms] [WARNING] [useAsyncQuery] Missing meta.preset for key "["admin","studentEnrollment","list",{"schoolYearId":"e27f44c5-044a-5dda-80d1-ccd4bb324163","page":1,"limit":20}]". Defaulting to "list". Add meta: { preset: 'static' | 'user' | 'list' | 'detail' | 'realtime' }. @ http://localhost:3000/_next/static/chunks/node_modules_next_dist_115brz8._.js:2431
[  458578ms] [LOG] [RQ] list ["admin","studentEnrollment","list",{"schoolYearId":"e27f44c5-044a-5dda-80d1-ccd4bb324163","page":1,"limit":20}] → FETCH @ http://localhost:3000/_next/static/chunks/node_modules_next_dist_115brz8._.js:2431
[  458578ms] [LOG] [RQ] list ["admin","students","list",null] → CACHE_HIT @ http://localhost:3000/_next/static/chunks/node_modules_next_dist_115brz8._.js:2431
[  458579ms] [WARNING] [useAsyncQuery] Missing meta.preset for key "["admin","schoolYears","readiness","e27f44c5-044a-5dda-80d1-ccd4bb324163"]". Defaulting to "list". Add meta: { preset: 'static' | 'user' | 'list' | 'detail' | 'realtime' }. @ http://localhost:3000/_next/static/chunks/node_modules_next_dist_115brz8._.js:2431
[  458579ms] [LOG] [RQ] list ["admin","schoolYears","readiness","e27f44c5-044a-5dda-80d1-ccd4bb324163"] → FETCH @ http://localhost:3000/_next/static/chunks/node_modules_next_dist_115brz8._.js:2431
[  458581ms] [WARNING] [useAsyncQuery] Missing meta.preset for key "["admin","sections","e27f44c5-044a-5dda-80d1-ccd4bb324163",null,null,null]". Defaulting to "list". Add meta: { preset: 'static' | 'user' | 'list' | 'detail' | 'realtime' }. @ http://localhost:3000/_next/static/chunks/node_modules_next_dist_115brz8._.js:2431
[  458582ms] [LOG] [RQ] list ["admin","sections","e27f44c5-044a-5dda-80d1-ccd4bb324163",null,null,null] → FETCH @ http://localhost:3000/_next/static/chunks/node_modules_next_dist_115brz8._.js:2431
[  458587ms] [WARNING] [useAsyncQuery] Missing meta.preset for key "["admin","schoolYears","list",null]". Defaulting to "list". Add meta: { preset: 'static' | 'user' | 'list' | 'detail' | 'realtime' }. @ http://localhost:3000/_next/static/chunks/node_modules_next_dist_115brz8._.js:2431
[  458589ms] [LOG] [RQ] list ["admin","schoolYears","list",null] → CACHE_HIT @ http://localhost:3000/_next/static/chunks/node_modules_next_dist_115brz8._.js:2431
[  458590ms] [WARNING] [useAsyncQuery] Missing meta.preset for key "["admin","studentEnrollment","list",{"schoolYearId":"e27f44c5-044a-5dda-80d1-ccd4bb324163","page":1,"limit":20}]". Defaulting to "list". Add meta: { preset: 'static' | 'user' | 'list' | 'detail' | 'realtime' }. @ http://localhost:3000/_next/static/chunks/node_modules_next_dist_115brz8._.js:2431
[  458591ms] [LOG] [RQ] list ["admin","studentEnrollment","list",{"schoolYearId":"e27f44c5-044a-5dda-80d1-ccd4bb324163","page":1,"limit":20}] → FETCH @ http://localhost:3000/_next/static/chunks/node_modules_next_dist_115brz8._.js:2431
[  458592ms] [LOG] [RQ] list ["admin","students","list",null] → CACHE_HIT @ http://localhost:3000/_next/static/chunks/node_modules_next_dist_115brz8._.js:2431
[  458593ms] [WARNING] [useAsyncQuery] Missing meta.preset for key "["admin","schoolYears","readiness","e27f44c5-044a-5dda-80d1-ccd4bb324163"]". Defaulting to "list". Add meta: { preset: 'static' | 'user' | 'list' | 'detail' | 'realtime' }. @ http://localhost:3000/_next/static/chunks/node_modules_next_dist_115brz8._.js:2431
[  458594ms] [LOG] [RQ] list ["admin","schoolYears","readiness","e27f44c5-044a-5dda-80d1-ccd4bb324163"] → FETCH @ http://localhost:3000/_next/static/chunks/node_modules_next_dist_115brz8._.js:2431
[  458595ms] [WARNING] [useAsyncQuery] Missing meta.preset for key "["admin","sections","e27f44c5-044a-5dda-80d1-ccd4bb324163",null,null,null]". Defaulting to "list". Add meta: { preset: 'static' | 'user' | 'list' | 'detail' | 'realtime' }. @ http://localhost:3000/_next/static/chunks/node_modules_next_dist_115brz8._.js:2431
[  458595ms] [LOG] [RQ] list ["admin","sections","e27f44c5-044a-5dda-80d1-ccd4bb324163",null,null,null] → FETCH @ http://localhost:3000/_next/static/chunks/node_modules_next_dist_115brz8._.js:2431
[  458686ms] [WARNING] [useAsyncQuery] Missing meta.preset for key "["admin","schoolYears","list",null]". Defaulting to "list". Add meta: { preset: 'static' | 'user' | 'list' | 'detail' | 'realtime' }. @ http://localhost:3000/_next/static/chunks/node_modules_next_dist_115brz8._.js:2431
[  458687ms] [LOG] [RQ] list ["admin","schoolYears","list",null] → CACHE_HIT @ http://localhost:3000/_next/static/chunks/node_modules_next_dist_115brz8._.js:2431
[  458688ms] [WARNING] [useAsyncQuery] Missing meta.preset for key "["admin","studentEnrollment","list",{"schoolYearId":"e27f44c5-044a-5dda-80d1-ccd4bb324163","page":1,"limit":20}]". Defaulting to "list". Add meta: { preset: 'static' | 'user' | 'list' | 'detail' | 'realtime' }. @ http://localhost:3000/_next/static/chunks/node_modules_next_dist_115brz8._.js:2431
[  458689ms] [LOG] [RQ] list ["admin","studentEnrollment","list",{"schoolYearId":"e27f44c5-044a-5dda-80d1-ccd4bb324163","page":1,"limit":20}] → FETCH @ http://localhost:3000/_next/static/chunks/node_modules_next_dist_115brz8._.js:2431
[  458690ms] [LOG] [RQ] list ["admin","students","list",null] → CACHE_HIT @ http://localhost:3000/_next/static/chunks/node_modules_next_dist_115brz8._.js:2431
[  458691ms] [WARNING] [useAsyncQuery] Missing meta.preset for key "["admin","schoolYears","readiness","e27f44c5-044a-5dda-80d1-ccd4bb324163"]". Defaulting to "list". Add meta: { preset: 'static' | 'user' | 'list' | 'detail' | 'realtime' }. @ http://localhost:3000/_next/static/chunks/node_modules_next_dist_115brz8._.js:2431
[  458691ms] [LOG] [RQ] list ["admin","schoolYears","readiness","e27f44c5-044a-5dda-80d1-ccd4bb324163"] → FETCH @ http://localhost:3000/_next/static/chunks/node_modules_next_dist_115brz8._.js:2431
[  458692ms] [WARNING] [useAsyncQuery] Missing meta.preset for key "["admin","sections","e27f44c5-044a-5dda-80d1-ccd4bb324163",null,null,null]". Defaulting to "list". Add meta: { preset: 'static' | 'user' | 'list' | 'detail' | 'realtime' }. @ http://localhost:3000/_next/static/chunks/node_modules_next_dist_115brz8._.js:2431
[  458693ms] [LOG] [RQ] list ["admin","sections","e27f44c5-044a-5dda-80d1-ccd4bb324163",null,null,null] → FETCH @ http://localhost:3000/_next/static/chunks/node_modules_next_dist_115brz8._.js:2431
[  458697ms] [WARNING] [useAsyncQuery] Missing meta.preset for key "["admin","schoolYears","list",null]". Defaulting to "list". Add meta: { preset: 'static' | 'user' | 'list' | 'detail' | 'realtime' }. @ http://localhost:3000/_next/static/chunks/node_modules_next_dist_115brz8._.js:2431
[  458698ms] [LOG] [RQ] list ["admin","schoolYears","list",null] → CACHE_HIT @ http://localhost:3000/_next/static/chunks/node_modules_next_dist_115brz8._.js:2431
[  458699ms] [WARNING] [useAsyncQuery] Missing meta.preset for key "["admin","studentEnrollment","list",{"schoolYearId":"e27f44c5-044a-5dda-80d1-ccd4bb324163","page":1,"limit":20}]". Defaulting to "list". Add meta: { preset: 'static' | 'user' | 'list' | 'detail' | 'realtime' }. @ http://localhost:3000/_next/static/chunks/node_modules_next_dist_115brz8._.js:2431
[  458700ms] [LOG] [RQ] list ["admin","studentEnrollment","list",{"schoolYearId":"e27f44c5-044a-5dda-80d1-ccd4bb324163","page":1,"limit":20}] → FETCH @ http://localhost:3000/_next/static/chunks/node_modules_next_dist_115brz8._.js:2431
[  458701ms] [LOG] [RQ] list ["admin","students","list",null] → CACHE_HIT @ http://localhost:3000/_next/static/chunks/node_modules_next_dist_115brz8._.js:2431
[  458703ms] [WARNING] [useAsyncQuery] Missing meta.preset for key "["admin","schoolYears","readiness","e27f44c5-044a-5dda-80d1-ccd4bb324163"]". Defaulting to "list". Add meta: { preset: 'static' | 'user' | 'list' | 'detail' | 'realtime' }. @ http://localhost:3000/_next/static/chunks/node_modules_next_dist_115brz8._.js:2431
[  458703ms] [LOG] [RQ] list ["admin","schoolYears","readiness","e27f44c5-044a-5dda-80d1-ccd4bb324163"] → FETCH @ http://localhost:3000/_next/static/chunks/node_modules_next_dist_115brz8._.js:2431
[  458705ms] [WARNING] [useAsyncQuery] Missing meta.preset for key "["admin","sections","e27f44c5-044a-5dda-80d1-ccd4bb324163",null,null,null]". Defaulting to "list". Add meta: { preset: 'static' | 'user' | 'list' | 'detail' | 'realtime' }. @ http://localhost:3000/_next/static/chunks/node_modules_next_dist_115brz8._.js:2431
[  458706ms] [LOG] [RQ] list ["admin","sections","e27f44c5-044a-5dda-80d1-ccd4bb324163",null,null,null] → FETCH @ http://localhost:3000/_next/static/chunks/node_modules_next_dist_115brz8._.js:2431
[  463700ms] [WARNING] [useAsyncQuery] Missing meta.preset for key "["admin","schoolYears","list",null]". Defaulting to "list". Add meta: { preset: 'static' | 'user' | 'list' | 'detail' | 'realtime' }. @ http://localhost:3000/_next/static/chunks/node_modules_next_dist_115brz8._.js:2431
[  463701ms] [LOG] [RQ] list ["admin","schoolYears","list",null] → CACHE_HIT @ http://localhost:3000/_next/static/chunks/node_modules_next_dist_115brz8._.js:2431
[  463702ms] [WARNING] [useAsyncQuery] Missing meta.preset for key "["admin","studentEnrollment","list",{"schoolYearId":"e27f44c5-044a-5dda-80d1-ccd4bb324163","page":1,"limit":20}]". Defaulting to "list". Add meta: { preset: 'static' | 'user' | 'list' | 'detail' | 'realtime' }. @ http://localhost:3000/_next/static/chunks/node_modules_next_dist_115brz8._.js:2431
[  463703ms] [LOG] [RQ] list ["admin","studentEnrollment","list",{"schoolYearId":"e27f44c5-044a-5dda-80d1-ccd4bb324163","page":1,"limit":20}] → FETCH @ http://localhost:3000/_next/static/chunks/node_modules_next_dist_115brz8._.js:2431
[  463705ms] [LOG] [RQ] list ["admin","students","list",null] → CACHE_HIT @ http://localhost:3000/_next/static/chunks/node_modules_next_dist_115brz8._.js:2431
[  463709ms] [WARNING] [useAsyncQuery] Missing meta.preset for key "["admin","schoolYears","readiness","e27f44c5-044a-5dda-80d1-ccd4bb324163"]". Defaulting to "list". Add meta: { preset: 'static' | 'user' | 'list' | 'detail' | 'realtime' }. @ http://localhost:3000/_next/static/chunks/node_modules_next_dist_115brz8._.js:2431
[  463711ms] [LOG] [RQ] list ["admin","schoolYears","readiness","e27f44c5-044a-5dda-80d1-ccd4bb324163"] → FETCH @ http://localhost:3000/_next/static/chunks/node_modules_next_dist_115brz8._.js:2431
[  463713ms] [WARNING] [useAsyncQuery] Missing meta.preset for key "["admin","sections","e27f44c5-044a-5dda-80d1-ccd4bb324163",null,null,null]". Defaulting to "list". Add meta: { preset: 'static' | 'user' | 'list' | 'detail' | 'realtime' }. @ http://localhost:3000/_next/static/chunks/node_modules_next_dist_115brz8._.js:2431
[  463714ms] [LOG] [RQ] list ["admin","sections","e27f44c5-044a-5dda-80d1-ccd4bb324163",null,null,null] → CACHE_HIT @ http://localhost:3000/_next/static/chunks/node_modules_next_dist_115brz8._.js:2431
[  463722ms] [WARNING] [useAsyncQuery] Missing meta.preset for key "["admin","schoolYears","list",null]". Defaulting to "list". Add meta: { preset: 'static' | 'user' | 'list' | 'detail' | 'realtime' }. @ http://localhost:3000/_next/static/chunks/node_modules_next_dist_115brz8._.js:2431
[  463725ms] [LOG] [RQ] list ["admin","schoolYears","list",null] → CACHE_HIT @ http://localhost:3000/_next/static/chunks/node_modules_next_dist_115brz8._.js:2431
[  463729ms] [WARNING] [useAsyncQuery] Missing meta.preset for key "["admin","studentEnrollment","list",{"schoolYearId":"e27f44c5-044a-5dda-80d1-ccd4bb324163","page":1,"limit":20}]". Defaulting to "list". Add meta: { preset: 'static' | 'user' | 'list' | 'detail' | 'realtime' }. @ http://localhost:3000/_next/static/chunks/node_modules_next_dist_115brz8._.js:2431
[  463731ms] [LOG] [RQ] list ["admin","studentEnrollment","list",{"schoolYearId":"e27f44c5-044a-5dda-80d1-ccd4bb324163","page":1,"limit":20}] → FETCH @ http://localhost:3000/_next/static/chunks/node_modules_next_dist_115brz8._.js:2431
[  463733ms] [LOG] [RQ] list ["admin","students","list",null] → CACHE_HIT @ http://localhost:3000/_next/static/chunks/node_modules_next_dist_115brz8._.js:2431
[  463735ms] [WARNING] [useAsyncQuery] Missing meta.preset for key "["admin","schoolYears","readiness","e27f44c5-044a-5dda-80d1-ccd4bb324163"]". Defaulting to "list". Add meta: { preset: 'static' | 'user' | 'list' | 'detail' | 'realtime' }. @ http://localhost:3000/_next/static/chunks/node_modules_next_dist_115brz8._.js:2431
[  463737ms] [LOG] [RQ] list ["admin","schoolYears","readiness","e27f44c5-044a-5dda-80d1-ccd4bb324163"] → FETCH @ http://localhost:3000/_next/static/chunks/node_modules_next_dist_115brz8._.js:2431
[  463738ms] [WARNING] [useAsyncQuery] Missing meta.preset for key "["admin","sections","e27f44c5-044a-5dda-80d1-ccd4bb324163",null,null,null]". Defaulting to "list". Add meta: { preset: 'static' | 'user' | 'list' | 'detail' | 'realtime' }. @ http://localhost:3000/_next/static/chunks/node_modules_next_dist_115brz8._.js:2431
[  463741ms] [LOG] [RQ] list ["admin","sections","e27f44c5-044a-5dda-80d1-ccd4bb324163",null,null,null] → CACHE_HIT @ http://localhost:3000/_next/static/chunks/node_modules_next_dist_115brz8._.js:2431
[  463861ms] [WARNING] [useAsyncQuery] Missing meta.preset for key "["admin","schoolYears","list",null]". Defaulting to "list". Add meta: { preset: 'static' | 'user' | 'list' | 'detail' | 'realtime' }. @ http://localhost:3000/_next/static/chunks/node_modules_next_dist_115brz8._.js:2431
[  463862ms] [LOG] [RQ] list ["admin","schoolYears","list",null] → CACHE_HIT @ http://localhost:3000/_next/static/chunks/node_modules_next_dist_115brz8._.js:2431
[  463863ms] [WARNING] [useAsyncQuery] Missing meta.preset for key "["admin","studentEnrollment","list",{"schoolYearId":"e27f44c5-044a-5dda-80d1-ccd4bb324163","page":1,"limit":20}]". Defaulting to "list". Add meta: { preset: 'static' | 'user' | 'list' | 'detail' | 'realtime' }. @ http://localhost:3000/_next/static/chunks/node_modules_next_dist_115brz8._.js:2431
[  463865ms] [LOG] [RQ] list ["admin","studentEnrollment","list",{"schoolYearId":"e27f44c5-044a-5dda-80d1-ccd4bb324163","page":1,"limit":20}] → CACHE_HIT @ http://localhost:3000/_next/static/chunks/node_modules_next_dist_115brz8._.js:2431
[  463866ms] [LOG] [RQ] list ["admin","students","list",null] → CACHE_HIT @ http://localhost:3000/_next/static/chunks/node_modules_next_dist_115brz8._.js:2431
[  463867ms] [WARNING] [useAsyncQuery] Missing meta.preset for key "["admin","schoolYears","readiness","e27f44c5-044a-5dda-80d1-ccd4bb324163"]". Defaulting to "list". Add meta: { preset: 'static' | 'user' | 'list' | 'detail' | 'realtime' }. @ http://localhost:3000/_next/static/chunks/node_modules_next_dist_115brz8._.js:2431
[  463868ms] [LOG] [RQ] list ["admin","schoolYears","readiness","e27f44c5-044a-5dda-80d1-ccd4bb324163"] → FETCH @ http://localhost:3000/_next/static/chunks/node_modules_next_dist_115brz8._.js:2431
[  463870ms] [WARNING] [useAsyncQuery] Missing meta.preset for key "["admin","sections","e27f44c5-044a-5dda-80d1-ccd4bb324163",null,null,null]". Defaulting to "list". Add meta: { preset: 'static' | 'user' | 'list' | 'detail' | 'realtime' }. @ http://localhost:3000/_next/static/chunks/node_modules_next_dist_115brz8._.js:2431
[  463870ms] [LOG] [RQ] list ["admin","sections","e27f44c5-044a-5dda-80d1-ccd4bb324163",null,null,null] → CACHE_HIT @ http://localhost:3000/_next/static/chunks/node_modules_next_dist_115brz8._.js:2431
[  463880ms] [WARNING] [useAsyncQuery] Missing meta.preset for key "["admin","schoolYears","list",null]". Defaulting to "list". Add meta: { preset: 'static' | 'user' | 'list' | 'detail' | 'realtime' }. @ http://localhost:3000/_next/static/chunks/node_modules_next_dist_115brz8._.js:2431
[  463881ms] [LOG] [RQ] list ["admin","schoolYears","list",null] → CACHE_HIT @ http://localhost:3000/_next/static/chunks/node_modules_next_dist_115brz8._.js:2431
[  463883ms] [WARNING] [useAsyncQuery] Missing meta.preset for key "["admin","studentEnrollment","list",{"schoolYearId":"e27f44c5-044a-5dda-80d1-ccd4bb324163","page":1,"limit":20}]". Defaulting to "list". Add meta: { preset: 'static' | 'user' | 'list' | 'detail' | 'realtime' }. @ http://localhost:3000/_next/static/chunks/node_modules_next_dist_115brz8._.js:2431
[  463884ms] [LOG] [RQ] list ["admin","studentEnrollment","list",{"schoolYearId":"e27f44c5-044a-5dda-80d1-ccd4bb324163","page":1,"limit":20}] → CACHE_HIT @ http://localhost:3000/_next/static/chunks/node_modules_next_dist_115brz8._.js:2431
[  463885ms] [LOG] [RQ] list ["admin","students","list",null] → CACHE_HIT @ http://localhost:3000/_next/static/chunks/node_modules_next_dist_115brz8._.js:2431
[  463886ms] [WARNING] [useAsyncQuery] Missing meta.preset for key "["admin","schoolYears","readiness","e27f44c5-044a-5dda-80d1-ccd4bb324163"]". Defaulting to "list". Add meta: { preset: 'static' | 'user' | 'list' | 'detail' | 'realtime' }. @ http://localhost:3000/_next/static/chunks/node_modules_next_dist_115brz8._.js:2431
[  463887ms] [LOG] [RQ] list ["admin","schoolYears","readiness","e27f44c5-044a-5dda-80d1-ccd4bb324163"] → FETCH @ http://localhost:3000/_next/static/chunks/node_modules_next_dist_115brz8._.js:2431
[  463888ms] [WARNING] [useAsyncQuery] Missing meta.preset for key "["admin","sections","e27f44c5-044a-5dda-80d1-ccd4bb324163",null,null,null]". Defaulting to "list". Add meta: { preset: 'static' | 'user' | 'list' | 'detail' | 'realtime' }. @ http://localhost:3000/_next/static/chunks/node_modules_next_dist_115brz8._.js:2431
[  463889ms] [LOG] [RQ] list ["admin","sections","e27f44c5-044a-5dda-80d1-ccd4bb324163",null,null,null] → CACHE_HIT @ http://localhost:3000/_next/static/chunks/node_modules_next_dist_115brz8._.js:2431
[  464866ms] [WARNING] [useAsyncQuery] Missing meta.preset for key "["admin","schoolYears","list",null]". Defaulting to "list". Add meta: { preset: 'static' | 'user' | 'list' | 'detail' | 'realtime' }. @ http://localhost:3000/_next/static/chunks/node_modules_next_dist_115brz8._.js:2431
[  464867ms] [LOG] [RQ] list ["admin","schoolYears","list",null] → CACHE_HIT @ http://localhost:3000/_next/static/chunks/node_modules_next_dist_115brz8._.js:2431
[  464868ms] [WARNING] [useAsyncQuery] Missing meta.preset for key "["admin","studentEnrollment","list",{"schoolYearId":"e27f44c5-044a-5dda-80d1-ccd4bb324163","page":1,"limit":20}]". Defaulting to "list". Add meta: { preset: 'static' | 'user' | 'list' | 'detail' | 'realtime' }. @ http://localhost:3000/_next/static/chunks/node_modules_next_dist_115brz8._.js:2431
[  464869ms] [LOG] [RQ] list ["admin","studentEnrollment","list",{"schoolYearId":"e27f44c5-044a-5dda-80d1-ccd4bb324163","page":1,"limit":20}] → CACHE_HIT @ http://localhost:3000/_next/static/chunks/node_modules_next_dist_115brz8._.js:2431
[  464870ms] [LOG] [RQ] list ["admin","students","list",null] → CACHE_HIT @ http://localhost:3000/_next/static/chunks/node_modules_next_dist_115brz8._.js:2431
[  464871ms] [WARNING] [useAsyncQuery] Missing meta.preset for key "["admin","schoolYears","readiness","e27f44c5-044a-5dda-80d1-ccd4bb324163"]". Defaulting to "list". Add meta: { preset: 'static' | 'user' | 'list' | 'detail' | 'realtime' }. @ http://localhost:3000/_next/static/chunks/node_modules_next_dist_115brz8._.js:2431
[  464873ms] [LOG] [RQ] list ["admin","schoolYears","readiness","e27f44c5-044a-5dda-80d1-ccd4bb324163"] → CACHE_HIT @ http://localhost:3000/_next/static/chunks/node_modules_next_dist_115brz8._.js:2431
[  464875ms] [WARNING] [useAsyncQuery] Missing meta.preset for key "["admin","sections","e27f44c5-044a-5dda-80d1-ccd4bb324163",null,null,null]". Defaulting to "list". Add meta: { preset: 'static' | 'user' | 'list' | 'detail' | 'realtime' }. @ http://localhost:3000/_next/static/chunks/node_modules_next_dist_115brz8._.js:2431
[  464876ms] [LOG] [RQ] list ["admin","sections","e27f44c5-044a-5dda-80d1-ccd4bb324163",null,null,null] → CACHE_HIT @ http://localhost:3000/_next/static/chunks/node_modules_next_dist_115brz8._.js:2431
[  464883ms] [WARNING] [useAsyncQuery] Missing meta.preset for key "["admin","schoolYears","list",null]". Defaulting to "list". Add meta: { preset: 'static' | 'user' | 'list' | 'detail' | 'realtime' }. @ http://localhost:3000/_next/static/chunks/node_modules_next_dist_115brz8._.js:2431
[  464884ms] [LOG] [RQ] list ["admin","schoolYears","list",null] → CACHE_HIT @ http://localhost:3000/_next/static/chunks/node_modules_next_dist_115brz8._.js:2431
[  464885ms] [WARNING] [useAsyncQuery] Missing meta.preset for key "["admin","studentEnrollment","list",{"schoolYearId":"e27f44c5-044a-5dda-80d1-ccd4bb324163","page":1,"limit":20}]". Defaulting to "list". Add meta: { preset: 'static' | 'user' | 'list' | 'detail' | 'realtime' }. @ http://localhost:3000/_next/static/chunks/node_modules_next_dist_115brz8._.js:2431
[  464886ms] [LOG] [RQ] list ["admin","studentEnrollment","list",{"schoolYearId":"e27f44c5-044a-5dda-80d1-ccd4bb324163","page":1,"limit":20}] → CACHE_HIT @ http://localhost:3000/_next/static/chunks/node_modules_next_dist_115brz8._.js:2431
[  464887ms] [LOG] [RQ] list ["admin","students","list",null] → CACHE_HIT @ http://localhost:3000/_next/static/chunks/node_modules_next_dist_115brz8._.js:2431
[  464889ms] [WARNING] [useAsyncQuery] Missing meta.preset for key "["admin","schoolYears","readiness","e27f44c5-044a-5dda-80d1-ccd4bb324163"]". Defaulting to "list". Add meta: { preset: 'static' | 'user' | 'list' | 'detail' | 'realtime' }. @ http://localhost:3000/_next/static/chunks/node_modules_next_dist_115brz8._.js:2431
[  464890ms] [LOG] [RQ] list ["admin","schoolYears","readiness","e27f44c5-044a-5dda-80d1-ccd4bb324163"] → CACHE_HIT @ http://localhost:3000/_next/static/chunks/node_modules_next_dist_115brz8._.js:2431
[  464892ms] [WARNING] [useAsyncQuery] Missing meta.preset for key "["admin","sections","e27f44c5-044a-5dda-80d1-ccd4bb324163",null,null,null]". Defaulting to "list". Add meta: { preset: 'static' | 'user' | 'list' | 'detail' | 'realtime' }. @ http://localhost:3000/_next/static/chunks/node_modules_next_dist_115brz8._.js:2431
[  464893ms] [LOG] [RQ] list ["admin","sections","e27f44c5-044a-5dda-80d1-ccd4bb324163",null,null,null] → CACHE_HIT @ http://localhost:3000/_next/static/chunks/node_modules_next_dist_115brz8._.js:2431
