
C:\Users\Windows 10\Desktop\Personal\Studies\Research\EduToolV4\backend\src\commons\decorators\current-user.decorator.ts
  6:11  warning  Unsafe assignment of an `any` value            @typescript-eslint/no-unsafe-assignment
  7:11  warning  Unsafe assignment of an `any` value            @typescript-eslint/no-unsafe-assignment
  7:26  warning  Unsafe member access .user on an `any` value   @typescript-eslint/no-unsafe-member-access
  9:5   warning  Unsafe return of a value of type `any`         @typescript-eslint/no-unsafe-return
  9:26  warning  Unsafe member access [data] on an `any` value  @typescript-eslint/no-unsafe-member-access

C:\Users\Windows 10\Desktop\Personal\Studies\Research\EduToolV4\backend\src\commons\filters\all-exception.filter.ts
  13:11  warning  Unsafe assignment of an `any` value             @typescript-eslint/no-unsafe-assignment
  19:18  warning  Unsafe member access .name on an `any` value    @typescript-eslint/no-unsafe-member-access
  20:18  warning  Unsafe member access .code on an `any` value    @typescript-eslint/no-unsafe-member-access
  22:7   warning  Unsafe return of a value of type `any`          @typescript-eslint/no-unsafe-return
  22:14  warning  Unsafe call of an `any` typed value             @typescript-eslint/no-unsafe-call
  22:14  warning  Unsafe call of an `any` typed value             @typescript-eslint/no-unsafe-call
  22:23  warning  Unsafe member access .status on an `any` value  @typescript-eslint/no-unsafe-member-access
  22:54  warning  Unsafe member access .json on an `any` value    @typescript-eslint/no-unsafe-member-access
  28:20  warning  Unsafe member access .name on an `any` value    @typescript-eslint/no-unsafe-member-access
  29:7   warning  Unsafe return of a value of type `any`          @typescript-eslint/no-unsafe-return
  29:14  warning  Unsafe call of an `any` typed value             @typescript-eslint/no-unsafe-call
  29:14  warning  Unsafe call of an `any` typed value             @typescript-eslint/no-unsafe-call
  29:23  warning  Unsafe member access .status on an `any` value  @typescript-eslint/no-unsafe-member-access
  29:54  warning  Unsafe member access .json on an `any` value    @typescript-eslint/no-unsafe-member-access
  40:7   warning  Unsafe return of a value of type `any`          @typescript-eslint/no-unsafe-return
  40:14  warning  Unsafe call of an `any` typed value             @typescript-eslint/no-unsafe-call
  40:14  warning  Unsafe call of an `any` typed value             @typescript-eslint/no-unsafe-call
  41:10  warning  Unsafe member access .status on an `any` value  @typescript-eslint/no-unsafe-member-access
  42:10  warning  Unsafe member access .json on an `any` value    @typescript-eslint/no-unsafe-member-access
  50:5   warning  Unsafe call of an `any` typed value             @typescript-eslint/no-unsafe-call
  50:5   warning  Unsafe call of an `any` typed value             @typescript-eslint/no-unsafe-call
  50:14  warning  Unsafe member access .status on an `any` value  @typescript-eslint/no-unsafe-member-access
  50:55  warning  Unsafe member access .json on an `any` value    @typescript-eslint/no-unsafe-member-access

C:\Users\Windows 10\Desktop\Personal\Studies\Research\EduToolV4\backend\src\commons\filters\http-exception.filter.ts
  13:11  warning  Unsafe assignment of an `any` value             @typescript-eslint/no-unsafe-assignment
  18:5   warning  Unsafe call of an `any` typed value             @typescript-eslint/no-unsafe-call
  18:5   warning  Unsafe call of an `any` typed value             @typescript-eslint/no-unsafe-call
  18:14  warning  Unsafe member access .status on an `any` value  @typescript-eslint/no-unsafe-member-access
  18:29  warning  Unsafe member access .json on an `any` value    @typescript-eslint/no-unsafe-member-access

C:\Users\Windows 10\Desktop\Personal\Studies\Research\EduToolV4\backend\src\commons\guards\role.guard.ts
  22:13  warning  Unsafe assignment of an `any` value                                     @typescript-eslint/no-unsafe-assignment
  23:13  warning  Unsafe assignment of an `any` value                                     @typescript-eslint/no-unsafe-assignment
  23:28  warning  Unsafe member access .user on an `any` value                            @typescript-eslint/no-unsafe-member-access
  25:44  warning  Unsafe argument of type `any` assigned to a parameter of type `string`  @typescript-eslint/no-unsafe-argument
  25:49  warning  Unsafe member access .role on an `any` value                            @typescript-eslint/no-unsafe-member-access
  35:13  warning  Unsafe assignment of an `any` value                                     @typescript-eslint/no-unsafe-assignment
  36:13  warning  Unsafe assignment of an `any` value                                     @typescript-eslint/no-unsafe-assignment
  36:28  warning  Unsafe member access .user on an `any` value                            @typescript-eslint/no-unsafe-member-access
  40:29  warning  Unsafe member access .role on an `any` value                            @typescript-eslint/no-unsafe-member-access
  41:38  warning  Unsafe member access .is_registrar on an `any` value                    @typescript-eslint/no-unsafe-member-access

C:\Users\Windows 10\Desktop\Personal\Studies\Research\EduToolV4\backend\src\commons\interceptors\logging.interceptor.ts
  13:11  warning  Unsafe assignment of an `any` value                   @typescript-eslint/no-unsafe-assignment
  14:11  warning  Unsafe assignment of an `any` value                   @typescript-eslint/no-unsafe-assignment
  15:11  warning  Unsafe assignment of an `any` value                   @typescript-eslint/no-unsafe-assignment
  15:27  warning  Unsafe member access ['requestId'] on an `any` value  @typescript-eslint/no-unsafe-member-access
  24:11  warning  Unsafe assignment of an `any` value                   @typescript-eslint/no-unsafe-assignment
  25:11  warning  Unsafe assignment of an `any` value                   @typescript-eslint/no-unsafe-assignment
  26:11  warning  Unsafe assignment of an `any` value                   @typescript-eslint/no-unsafe-assignment

C:\Users\Windows 10\Desktop\Personal\Studies\Research\EduToolV4\backend\src\commons\interceptors\response.interceptor.ts
  16:9  warning  Unsafe assignment of an `any` value  @typescript-eslint/no-unsafe-assignment

C:\Users\Windows 10\Desktop\Personal\Studies\Research\EduToolV4\backend\src\commons\pipes\validation.pipe.ts
  15:7   warning  Unsafe return of a value of type `any`                                                                                                                             @typescript-eslint/no-unsafe-return
  18:11  warning  Unsafe assignment of an `any` value                                                                                                                                @typescript-eslint/no-unsafe-assignment
  19:35  warning  Unsafe argument of type `any` assigned to a parameter of type `object`                                                                                             @typescript-eslint/no-unsafe-argument
  33:5   warning  Unsafe return of a value of type `any`                                                                                                                             @typescript-eslint/no-unsafe-return
  38:28  warning  Unsafe argument of type `any` assigned to a parameter of type `BooleanConstructor | NumberConstructor | StringConstructor | ArrayConstructor | ObjectConstructor`  @typescript-eslint/no-unsafe-argument

C:\Users\Windows 10\Desktop\Personal\Studies\Research\EduToolV4\backend\src\commons\utils\token.util.ts
  5:26  warning  Unsafe argument of type `any` assigned to a parameter of type `string`  @typescript-eslint/no-unsafe-argument
  9:3   warning  Unsafe return of a value of type `any`                                  @typescript-eslint/no-unsafe-return

C:\Users\Windows 10\Desktop\Personal\Studies\Research\EduToolV4\backend\src\core\ai\ai-client.service.ts
  59:11  warning  Unsafe assignment of an `any` value              @typescript-eslint/no-unsafe-assignment
  61:14  warning  Unsafe member access .error on an `any` value    @typescript-eslint/no-unsafe-member-access
  63:35  warning  Unsafe member access .error on an `any` value    @typescript-eslint/no-unsafe-member-access
  63:73  warning  Unsafe member access .error on an `any` value    @typescript-eslint/no-unsafe-member-access
  67:11  warning  Unsafe assignment of an `any` value              @typescript-eslint/no-unsafe-assignment
  67:35  warning  Unsafe member access .choices on an `any` value  @typescript-eslint/no-unsafe-member-access

C:\Users\Windows 10\Desktop\Personal\Studies\Research\EduToolV4\backend\src\core\ai\ai.service.ts
   72:11  warning  Unsafe assignment of an `any` value                                     @typescript-eslint/no-unsafe-assignment
   74:11  warning  Unsafe assignment of an `any` value                                     @typescript-eslint/no-unsafe-assignment
   74:39  warning  Unsafe member access .sections on an `any` value                        @typescript-eslint/no-unsafe-member-access
   75:11  warning  Unsafe assignment of an `any` value                                     @typescript-eslint/no-unsafe-assignment
   75:39  warning  Unsafe member access .keywords on an `any` value                        @typescript-eslint/no-unsafe-member-access
   76:11  warning  Unsafe assignment of an `any` value                                     @typescript-eslint/no-unsafe-assignment
   76:37  warning  Unsafe call of an `any` typed value                                     @typescript-eslint/no-unsafe-call
   76:45  warning  Unsafe member access .concepts on an `any` value                        @typescript-eslint/no-unsafe-member-access
   76:61  warning  Unsafe member access .map on an `any` value                             @typescript-eslint/no-unsafe-member-access
   78:9   warning  Unsafe assignment of an `any` value                                     @typescript-eslint/no-unsafe-assignment
   78:17  warning  Unsafe member access .name on an `any` value                            @typescript-eslint/no-unsafe-member-access
   79:9   warning  Unsafe assignment of an `any` value                                     @typescript-eslint/no-unsafe-assignment
   79:20  warning  Unsafe member access .section on an `any` value                         @typescript-eslint/no-unsafe-member-access
   80:9   warning  Unsafe assignment of an `any` value                                     @typescript-eslint/no-unsafe-assignment
   80:23  warning  Unsafe member access .definition on an `any` value                      @typescript-eslint/no-unsafe-member-access
   81:9   warning  Unsafe assignment of an `any` value                                     @typescript-eslint/no-unsafe-assignment
   81:23  warning  Unsafe member access .properties on an `any` value                      @typescript-eslint/no-unsafe-member-access
   82:9   warning  Unsafe assignment of an `any` value                                     @typescript-eslint/no-unsafe-assignment
   82:57  warning  Unsafe argument of type `any` assigned to a parameter of type `string`  @typescript-eslint/no-unsafe-argument
   82:59  warning  Unsafe member access .difficulty on an `any` value                      @typescript-eslint/no-unsafe-member-access
   83:15  warning  Unsafe member access .difficulty on an `any` value                      @typescript-eslint/no-unsafe-member-access
   88:9   warning  Unsafe assignment of an `any` value                                     @typescript-eslint/no-unsafe-assignment
   89:14  warning  Unsafe member access .question_capacity on an `any` value               @typescript-eslint/no-unsafe-member-access
  161:11  warning  Unsafe assignment of an `any` value                                     @typescript-eslint/no-unsafe-assignment
  163:11  warning  Unsafe assignment of an `any` value                                     @typescript-eslint/no-unsafe-assignment
  163:39  warning  Unsafe member access .sections on an `any` value                        @typescript-eslint/no-unsafe-member-access
  164:11  warning  Unsafe assignment of an `any` value                                     @typescript-eslint/no-unsafe-assignment
  164:39  warning  Unsafe member access .keywords on an `any` value                        @typescript-eslint/no-unsafe-member-access
  165:11  warning  Unsafe assignment of an `any` value                                     @typescript-eslint/no-unsafe-assignment
  165:37  warning  Unsafe call of an `any` typed value                                     @typescript-eslint/no-unsafe-call
  165:45  warning  Unsafe member access .concepts on an `any` value                        @typescript-eslint/no-unsafe-member-access
  165:61  warning  Unsafe member access .map on an `any` value                             @typescript-eslint/no-unsafe-member-access
  167:9   warning  Unsafe assignment of an `any` value                                     @typescript-eslint/no-unsafe-assignment
  167:17  warning  Unsafe member access .name on an `any` value                            @typescript-eslint/no-unsafe-member-access
  168:9   warning  Unsafe assignment of an `any` value                                     @typescript-eslint/no-unsafe-assignment
  168:20  warning  Unsafe member access .section on an `any` value                         @typescript-eslint/no-unsafe-member-access
  169:9   warning  Unsafe assignment of an `any` value                                     @typescript-eslint/no-unsafe-assignment
  169:23  warning  Unsafe member access .definition on an `any` value                      @typescript-eslint/no-unsafe-member-access
  170:9   warning  Unsafe assignment of an `any` value                                     @typescript-eslint/no-unsafe-assignment
  170:23  warning  Unsafe member access .properties on an `any` value                      @typescript-eslint/no-unsafe-member-access
  171:9   warning  Unsafe assignment of an `any` value                                     @typescript-eslint/no-unsafe-assignment
  171:57  warning  Unsafe argument of type `any` assigned to a parameter of type `string`  @typescript-eslint/no-unsafe-argument
  171:59  warning  Unsafe member access .difficulty on an `any` value                      @typescript-eslint/no-unsafe-member-access
  172:15  warning  Unsafe member access .difficulty on an `any` value                      @typescript-eslint/no-unsafe-member-access
  177:9   warning  Unsafe assignment of an `any` value                                     @typescript-eslint/no-unsafe-assignment
  178:14  warning  Unsafe member access .question_capacity on an `any` value               @typescript-eslint/no-unsafe-member-access
  427:64  error    Invalid type "unknown" of template literal expression                   @typescript-eslint/restrict-template-expressions

C:\Users\Windows 10\Desktop\Personal\Studies\Research\EduToolV4\backend\src\core\database\database.provider.ts
  50:11  warning  Unsafe assignment of an error typed value                 @typescript-eslint/no-unsafe-assignment
  50:18  warning  Unsafe construction of a type that could not be resolved  @typescript-eslint/no-unsafe-call

C:\Users\Windows 10\Desktop\Personal\Studies\Research\EduToolV4\backend\src\core\logger\logger.ts
  4:45  error  'json' is assigned a value but never used  @typescript-eslint/no-unused-vars

C:\Users\Windows 10\Desktop\Personal\Studies\Research\EduToolV4\backend\src\core\middleware\request-id.middleware.ts
   9:11  warning  Unsafe assignment of an error typed value                                                                  @typescript-eslint/no-unsafe-assignment
   9:23  warning  Unsafe call of a type that could not be resolved                                                           @typescript-eslint/no-unsafe-call
  11:5   warning  Unsafe assignment of an error typed value                                                                  @typescript-eslint/no-unsafe-assignment
  13:35  warning  Unsafe argument of type error typed assigned to a parameter of type `string | number | readonly string[]`  @typescript-eslint/no-unsafe-argument

C:\Users\Windows 10\Desktop\Personal\Studies\Research\EduToolV4\backend\src\main.ts
  94:1  warning  Promises must be awaited, end with a call to .catch, end with a call to .then with a rejection handler or be explicitly marked as ignored with the `void` operator  @typescript-eslint/no-floating-promises

C:\Users\Windows 10\Desktop\Personal\Studies\Research\EduToolV4\backend\src\modules\academic-calendar\__TEST__\academic-calendar.service.spec.ts
   52:43  warning  Unsafe argument of type `any` assigned to a parameter of type `{ id: string; org_id: string; title: string; type: string; start_date: Date; end_date: Date; description: string | null; created_at: Date; school_year_id: string; } | Promise<{ ...; }>`                @typescript-eslint/no-unsafe-argument
   88:43  warning  Unsafe argument of type `any` assigned to a parameter of type `{ id: string; org_id: string; title: string; type: string; start_date: Date; end_date: Date; description: string | null; created_at: Date; school_year_id: string; } | Promise<{ ...; }>`                @typescript-eslint/no-unsafe-argument
  121:45  warning  Unsafe argument of type `any` assigned to a parameter of type `{ id: string; org_id: string; title: string; type: string; start_date: Date; end_date: Date; description: string | null; created_at: Date; school_year_id: string; } | Promise<{ ...; } | null> | null`  @typescript-eslint/no-unsafe-argument
  122:43  warning  Unsafe argument of type `any` assigned to a parameter of type `{ id: string; org_id: string; title: string; type: string; start_date: Date; end_date: Date; description: string | null; created_at: Date; school_year_id: string; } | Promise<{ ...; }>`                @typescript-eslint/no-unsafe-argument
  147:45  warning  Unsafe argument of type `any` assigned to a parameter of type `{ id: string; org_id: string; title: string; type: string; start_date: Date; end_date: Date; description: string | null; created_at: Date; school_year_id: string; } | Promise<{ ...; } | null> | null`  @typescript-eslint/no-unsafe-argument
  162:45  warning  Unsafe argument of type `any` assigned to a parameter of type `{ id: string; org_id: string; title: string; type: string; start_date: Date; end_date: Date; description: string | null; created_at: Date; school_year_id: string; } | Promise<{ ...; } | null> | null`  @typescript-eslint/no-unsafe-argument

C:\Users\Windows 10\Desktop\Personal\Studies\Research\EduToolV4\backend\src\modules\academic-calendar\__TEST__\program-calendar.service.spec.ts
   60:37  warning  Unsafe argument of type `any` assigned to a parameter of type `({ breaks: { id: string; org_id: string; start_date: Date; end_date: Date; created_at: Date; order_index: number; calendar_id: string; label: string; }[]; terms: { id: string; org_id: string; ... 5 more ...; label: string; }[]; holidays: { ...; }[]; } & { ...; }) | Promise<...>`         @typescript-eslint/no-unsafe-argument
   66:39  warning  Unsafe argument of type `any` assigned to a parameter of type `({ breaks: { id: string; org_id: string; start_date: Date; end_date: Date; created_at: Date; order_index: number; calendar_id: string; label: string; }[]; terms: { id: string; org_id: string; ... 5 more ...; label: string; }[]; holidays: { ...; }[]; } & { ...; }) | Promise<...> | null`  @typescript-eslint/no-unsafe-argument
   85:44  warning  Unsafe argument of type `any` assigned to a parameter of type `({ breaks: { id: string; org_id: string; start_date: Date; end_date: Date; created_at: Date; order_index: number; calendar_id: string; label: string; }[]; terms: { id: string; org_id: string; ... 5 more ...; label: string; }[]; holidays: { ...; }[]; } & { ...; }) | Promise<...> | null`  @typescript-eslint/no-unsafe-argument
   87:67  warning  Unsafe argument of type `any` assigned to a parameter of type `{ id: any; orgId: any; schoolYearId: any; programId: any; startDate: any; endDate: any; notes: any; createdAt: any; updatedAt: any; breaks: any; holidays: any; } | Promise<{ id: any; orgId: any; schoolYearId: any; ... 7 more ...; holidays: any; }>`                                        @typescript-eslint/no-unsafe-argument
  101:32  warning  Unsafe argument of type `any` assigned to a parameter of type `CreateProgramCalendarDto`                                                                                                                                                                                                                                                                       @typescript-eslint/no-unsafe-argument
  115:39  warning  Unsafe argument of type `any` assigned to a parameter of type `({ breaks: { id: string; org_id: string; start_date: Date; end_date: Date; created_at: Date; order_index: number; calendar_id: string; label: string; }[]; terms: { id: string; org_id: string; ... 5 more ...; label: string; }[]; holidays: { ...; }[]; } & { ...; }) | Promise<...> | null`  @typescript-eslint/no-unsafe-argument
  139:39  warning  Unsafe argument of type `any` assigned to a parameter of type `({ breaks: { id: string; org_id: string; start_date: Date; end_date: Date; created_at: Date; order_index: number; calendar_id: string; label: string; }[]; terms: { id: string; org_id: string; ... 5 more ...; label: string; }[]; holidays: { ...; }[]; } & { ...; }) | Promise<...> | null`  @typescript-eslint/no-unsafe-argument
  145:37  warning  Unsafe argument of type `any` assigned to a parameter of type `({ breaks: { id: string; org_id: string; start_date: Date; end_date: Date; created_at: Date; order_index: number; calendar_id: string; label: string; }[]; terms: { id: string; org_id: string; ... 5 more ...; label: string; }[]; holidays: { ...; }[]; } & { ...; }) | Promise<...>`         @typescript-eslint/no-unsafe-argument
  146:39  warning  Unsafe argument of type `any` assigned to a parameter of type `({ breaks: { id: string; org_id: string; start_date: Date; end_date: Date; created_at: Date; order_index: number; calendar_id: string; label: string; }[]; terms: { id: string; org_id: string; ... 5 more ...; label: string; }[]; holidays: { ...; }[]; } & { ...; }) | Promise<...> | null`  @typescript-eslint/no-unsafe-argument
  169:39  warning  Unsafe argument of type `any` assigned to a parameter of type `({ breaks: { id: string; org_id: string; start_date: Date; end_date: Date; created_at: Date; order_index: number; calendar_id: string; label: string; }[]; terms: { id: string; org_id: string; ... 5 more ...; label: string; }[]; holidays: { ...; }[]; } & { ...; }) | Promise<...> | null`  @typescript-eslint/no-unsafe-argument
  187:39  warning  Unsafe argument of type `any` assigned to a parameter of type `({ breaks: { id: string; org_id: string; start_date: Date; end_date: Date; created_at: Date; order_index: number; calendar_id: string; label: string; }[]; terms: { id: string; org_id: string; ... 5 more ...; label: string; }[]; holidays: { ...; }[]; } & { ...; }) | Promise<...> | null`  @typescript-eslint/no-unsafe-argument
  207:50  warning  Unsafe argument of type `any` assigned to a parameter of type `{ id: string; org_id: string; created_at: Date; updated_at: Date; enabled_keys: string[]; custom_holidays: JsonValue; } | Promise<{ id: string; org_id: string; created_at: Date; updated_at: Date; enabled_keys: string[]; custom_holidays: JsonValue; }>`                                     @typescript-eslint/no-unsafe-argument
  213:39  warning  Unsafe argument of type `any` assigned to a parameter of type `({ breaks: { id: string; org_id: string; start_date: Date; end_date: Date; created_at: Date; order_index: number; calendar_id: string; label: string; }[]; terms: { id: string; org_id: string; ... 5 more ...; label: string; }[]; holidays: { ...; }[]; } & { ...; }) | Promise<...> | null`  @typescript-eslint/no-unsafe-argument
  228:43  warning  Unsafe argument of type `any` assigned to a parameter of type `SaveHolidayConfigDto`                                                                                                                                                                                                                                                                           @typescript-eslint/no-unsafe-argument
  239:48  warning  Unsafe argument of type `any` assigned to a parameter of type `{ id: string; org_id: string; created_at: Date; updated_at: Date; enabled_keys: string[]; custom_holidays: JsonValue; } | Promise<{ id: string; org_id: string; created_at: Date; updated_at: Date; enabled_keys: string[]; custom_holidays: JsonValue; } | null> | null`                       @typescript-eslint/no-unsafe-argument
  244:50  warning  Unsafe argument of type `any` assigned to a parameter of type `{ id: string; org_id: string; created_at: Date; updated_at: Date; enabled_keys: string[]; custom_holidays: JsonValue; } | Promise<{ id: string; org_id: string; created_at: Date; updated_at: Date; enabled_keys: string[]; custom_holidays: JsonValue; }>`                                     @typescript-eslint/no-unsafe-argument
  250:39  warning  Unsafe argument of type `any` assigned to a parameter of type `({ breaks: { id: string; org_id: string; start_date: Date; end_date: Date; created_at: Date; order_index: number; calendar_id: string; label: string; }[]; terms: { id: string; org_id: string; ... 5 more ...; label: string; }[]; holidays: { ...; }[]; } & { ...; }) | Promise<...> | null`  @typescript-eslint/no-unsafe-argument
  266:39  warning  Unsafe argument of type `any` assigned to a parameter of type `({ breaks: { id: string; org_id: string; start_date: Date; end_date: Date; created_at: Date; order_index: number; calendar_id: string; label: string; }[]; terms: { id: string; org_id: string; ... 5 more ...; label: string; }[]; holidays: { ...; }[]; } & { ...; }) | Promise<...> | null`  @typescript-eslint/no-unsafe-argument
  273:37  warning  Unsafe argument of type `any` assigned to a parameter of type `UpdateProgramCalendarDto`                                                                                                                                                                                                                                                                       @typescript-eslint/no-unsafe-argument

C:\Users\Windows 10\Desktop\Personal\Studies\Research\EduToolV4\backend\src\modules\academic-calendar\program-calendar\program-calendar.service.ts
   33:7   warning  Unsafe assignment of an `any` value                                                     @typescript-eslint/no-unsafe-assignment
   33:15  warning  Unsafe member access .id on an `any` value                                              @typescript-eslint/no-unsafe-member-access
   34:7   warning  Unsafe assignment of an `any` value                                                     @typescript-eslint/no-unsafe-assignment
   34:18  warning  Unsafe member access .org_id on an `any` value                                          @typescript-eslint/no-unsafe-member-access
   35:7   warning  Unsafe assignment of an `any` value                                                     @typescript-eslint/no-unsafe-assignment
   35:25  warning  Unsafe member access .school_year_id on an `any` value                                  @typescript-eslint/no-unsafe-member-access
   36:7   warning  Unsafe assignment of an `any` value                                                     @typescript-eslint/no-unsafe-assignment
   36:22  warning  Unsafe member access .program_id on an `any` value                                      @typescript-eslint/no-unsafe-member-access
   37:7   warning  Unsafe assignment of an `any` value                                                     @typescript-eslint/no-unsafe-assignment
   37:22  warning  Unsafe member access .start_date on an `any` value                                      @typescript-eslint/no-unsafe-member-access
   38:7   warning  Unsafe assignment of an `any` value                                                     @typescript-eslint/no-unsafe-assignment
   38:20  warning  Unsafe member access .end_date on an `any` value                                        @typescript-eslint/no-unsafe-member-access
   39:7   warning  Unsafe assignment of an `any` value                                                     @typescript-eslint/no-unsafe-assignment
   39:18  warning  Unsafe member access .notes on an `any` value                                           @typescript-eslint/no-unsafe-member-access
   40:7   warning  Unsafe assignment of an `any` value                                                     @typescript-eslint/no-unsafe-assignment
   40:22  warning  Unsafe member access .created_at on an `any` value                                      @typescript-eslint/no-unsafe-member-access
   41:7   warning  Unsafe assignment of an `any` value                                                     @typescript-eslint/no-unsafe-assignment
   41:22  warning  Unsafe member access .updated_at on an `any` value                                      @typescript-eslint/no-unsafe-member-access
   42:7   warning  Unsafe assignment of an `any` value                                                     @typescript-eslint/no-unsafe-assignment
   42:15  warning  Unsafe call of an `any` typed value                                                     @typescript-eslint/no-unsafe-call
   42:20  warning  Unsafe member access .breaks on an `any` value                                          @typescript-eslint/no-unsafe-member-access
   42:34  warning  Unsafe member access .map on an `any` value                                             @typescript-eslint/no-unsafe-member-access
   43:9   warning  Unsafe assignment of an `any` value                                                     @typescript-eslint/no-unsafe-assignment
   43:15  warning  Unsafe member access .id on an `any` value                                              @typescript-eslint/no-unsafe-member-access
   44:9   warning  Unsafe assignment of an `any` value                                                     @typescript-eslint/no-unsafe-assignment
   44:18  warning  Unsafe member access .label on an `any` value                                           @typescript-eslint/no-unsafe-member-access
   45:9   warning  Unsafe assignment of an `any` value                                                     @typescript-eslint/no-unsafe-assignment
   45:22  warning  Unsafe member access .start_date on an `any` value                                      @typescript-eslint/no-unsafe-member-access
   46:9   warning  Unsafe assignment of an `any` value                                                     @typescript-eslint/no-unsafe-assignment
   46:20  warning  Unsafe member access .end_date on an `any` value                                        @typescript-eslint/no-unsafe-member-access
   47:9   warning  Unsafe assignment of an `any` value                                                     @typescript-eslint/no-unsafe-assignment
   47:23  warning  Unsafe member access .order_index on an `any` value                                     @typescript-eslint/no-unsafe-member-access
   49:7   warning  Unsafe assignment of an `any` value                                                     @typescript-eslint/no-unsafe-assignment
   49:17  warning  Unsafe call of an `any` typed value                                                     @typescript-eslint/no-unsafe-call
   49:22  warning  Unsafe member access .holidays on an `any` value                                        @typescript-eslint/no-unsafe-member-access
   49:38  warning  Unsafe member access .map on an `any` value                                             @typescript-eslint/no-unsafe-member-access
   50:9   warning  Unsafe assignment of an `any` value                                                     @typescript-eslint/no-unsafe-assignment
   50:15  warning  Unsafe member access .id on an `any` value                                              @typescript-eslint/no-unsafe-member-access
   51:9   warning  Unsafe assignment of an `any` value                                                     @typescript-eslint/no-unsafe-assignment
   51:23  warning  Unsafe member access .holiday_key on an `any` value                                     @typescript-eslint/no-unsafe-member-access
   52:9   warning  Unsafe assignment of an `any` value                                                     @typescript-eslint/no-unsafe-assignment
   52:18  warning  Unsafe member access .title on an `any` value                                           @typescript-eslint/no-unsafe-member-access
   53:9   warning  Unsafe assignment of an `any` value                                                     @typescript-eslint/no-unsafe-assignment
   53:17  warning  Unsafe member access .date on an `any` value                                            @typescript-eslint/no-unsafe-member-access
   54:9   warning  Unsafe assignment of an `any` value                                                     @typescript-eslint/no-unsafe-assignment
   54:24  warning  Unsafe member access .description on an `any` value                                     @typescript-eslint/no-unsafe-member-access
   55:9   warning  Unsafe assignment of an `any` value                                                     @typescript-eslint/no-unsafe-assignment
   55:17  warning  Unsafe member access .type on an `any` value                                            @typescript-eslint/no-unsafe-member-access
   81:7   warning  Unsafe assignment of an `any` value                                                     @typescript-eslint/no-unsafe-assignment
   81:17  warning  Unsafe member access .title on an `any` value                                           @typescript-eslint/no-unsafe-member-access
   82:22  warning  Unsafe argument of type `any` assigned to a parameter of type `string | number | Date`  @typescript-eslint/no-unsafe-argument
   82:25  warning  Unsafe member access .date on an `any` value                                            @typescript-eslint/no-unsafe-member-access
   83:7   warning  Unsafe assignment of an `any` value                                                     @typescript-eslint/no-unsafe-assignment
   83:23  warning  Unsafe member access .description on an `any` value                                     @typescript-eslint/no-unsafe-member-access
  341:7   warning  Unsafe assignment of type `any[]` to a variable of type `object[]`                      @typescript-eslint/no-unsafe-assignment

C:\Users\Windows 10\Desktop\Personal\Studies\Research\EduToolV4\backend\src\modules\assessment\__TEST__\assessment-core.service.spec.ts
   13:41  warning  Unsafe argument of type `any` assigned to a parameter of type `AssessmentRepository`  @typescript-eslint/no-unsafe-argument
   88:13  warning  Unsafe assignment of an `any` value                                                   @typescript-eslint/no-unsafe-assignment
   99:13  warning  Unsafe assignment of an `any` value                                                   @typescript-eslint/no-unsafe-assignment
  120:13  warning  Unsafe assignment of an `any` value                                                   @typescript-eslint/no-unsafe-assignment
  140:21  warning  Unsafe member access .score on an `any` value                                         @typescript-eslint/no-unsafe-member-access
  141:21  warning  Unsafe member access .questions on an `any` value                                     @typescript-eslint/no-unsafe-member-access
  145:13  warning  Unsafe assignment of an `any` value                                                   @typescript-eslint/no-unsafe-assignment
  162:21  warning  Unsafe member access .systemScore on an `any` value                                   @typescript-eslint/no-unsafe-member-access
  163:21  warning  Unsafe member access .manualScore on an `any` value                                   @typescript-eslint/no-unsafe-member-access
  164:21  warning  Unsafe member access .manualMaxScore on an `any` value                                @typescript-eslint/no-unsafe-member-access
  165:21  warning  Unsafe member access .score on an `any` value                                         @typescript-eslint/no-unsafe-member-access

C:\Users\Windows 10\Desktop\Personal\Studies\Research\EduToolV4\backend\src\modules\assessment\__TEST__\assessment-educator.spec.ts
   86:7   warning  Unsafe argument of type `any` assigned to a parameter of type `AssessmentRepository`        @typescript-eslint/no-unsafe-argument
   87:7   warning  Unsafe argument of type `any` assigned to a parameter of type `AssessmentCoreService`       @typescript-eslint/no-unsafe-argument
   88:7   warning  Unsafe argument of type `any` assigned to a parameter of type `DatabaseService`             @typescript-eslint/no-unsafe-argument
   89:7   warning  Unsafe argument of type `any` assigned to a parameter of type `ClassRepository`             @typescript-eslint/no-unsafe-argument
   90:7   warning  Unsafe argument of type `any` assigned to a parameter of type `AuditLogService`             @typescript-eslint/no-unsafe-argument
   91:7   warning  Unsafe argument of type `any` assigned to a parameter of type `AttendanceService`           @typescript-eslint/no-unsafe-argument
   92:7   warning  Unsafe argument of type `any` assigned to a parameter of type `GradeEducatorService`        @typescript-eslint/no-unsafe-argument
   93:7   warning  Unsafe argument of type `any` assigned to a parameter of type `AssessmentCreationHelper`    @typescript-eslint/no-unsafe-argument
   94:7   warning  Unsafe argument of type `any` assigned to a parameter of type `AssessmentSubmissionHelper`  @typescript-eslint/no-unsafe-argument
   95:7   warning  Unsafe argument of type `any` assigned to a parameter of type `AssessmentGenerationHelper`  @typescript-eslint/no-unsafe-argument
   98:22  warning  Unsafe member access .logger on an `any` value                                              @typescript-eslint/no-unsafe-member-access
  144:64  warning  Unsafe argument of type `any` assigned to a parameter of type `UpdateQuestionDto`           @typescript-eslint/no-unsafe-argument
  164:64  warning  Unsafe argument of type `any` assigned to a parameter of type `UpdateQuestionDto`           @typescript-eslint/no-unsafe-argument
  183:59  warning  Unsafe argument of type `any` assigned to a parameter of type `CreateAssessmentDto`         @typescript-eslint/no-unsafe-argument
  199:59  warning  Unsafe argument of type `any` assigned to a parameter of type `CreateAssessmentDto`         @typescript-eslint/no-unsafe-argument

C:\Users\Windows 10\Desktop\Personal\Studies\Research\EduToolV4\backend\src\modules\assessment\__TEST__\assessment-student.spec.ts
   11:7   warning  Unsafe assignment of an `any` value                                                    @typescript-eslint/no-unsafe-assignment
   11:13  warning  Unsafe member access .id on an `any` value                                             @typescript-eslint/no-unsafe-member-access
   12:7   warning  Unsafe assignment of an `any` value                                                    @typescript-eslint/no-unsafe-assignment
   12:18  warning  Unsafe member access .status on an `any` value                                         @typescript-eslint/no-unsafe-member-access
   43:7   warning  Unsafe argument of type `any` assigned to a parameter of type `AssessmentCoreService`  @typescript-eslint/no-unsafe-argument
   44:7   warning  Unsafe argument of type `any` assigned to a parameter of type `DatabaseService`        @typescript-eslint/no-unsafe-argument
   45:7   warning  Unsafe argument of type `any` assigned to a parameter of type `EnrollmentRepository`   @typescript-eslint/no-unsafe-argument
   46:7   warning  Unsafe argument of type `any` assigned to a parameter of type `GradeRepository`        @typescript-eslint/no-unsafe-argument
  221:7   warning  Unsafe assignment of an `any` value                                                    @typescript-eslint/no-unsafe-assignment
  224:11  warning  Unsafe assignment of an `any` value                                                    @typescript-eslint/no-unsafe-assignment
  231:19  warning  Unsafe member access .locked on an `any` value                                         @typescript-eslint/no-unsafe-member-access
  257:7   warning  Unsafe assignment of an `any` value                                                    @typescript-eslint/no-unsafe-assignment
  260:11  warning  Unsafe assignment of an `any` value                                                    @typescript-eslint/no-unsafe-assignment
  267:19  warning  Unsafe member access .locked on an `any` value                                         @typescript-eslint/no-unsafe-member-access

C:\Users\Windows 10\Desktop\Personal\Studies\Research\EduToolV4\backend\src\modules\assessment\core\assessment-core.repository.ts
   39:9   warning  Unsafe assignment of an `any` value  @typescript-eslint/no-unsafe-assignment
   97:15  warning  Unsafe assignment of an `any` value  @typescript-eslint/no-unsafe-assignment
  211:11  warning  Unsafe assignment of an `any` value  @typescript-eslint/no-unsafe-assignment
  238:9   warning  Unsafe assignment of an `any` value  @typescript-eslint/no-unsafe-assignment
  259:9   warning  Unsafe assignment of an `any` value  @typescript-eslint/no-unsafe-assignment

C:\Users\Windows 10\Desktop\Personal\Studies\Research\EduToolV4\backend\src\modules\assessment\core\assessment-core.service.ts
   40:21  warning  Unsafe member access .release_date on an `any` value                                    @typescript-eslint/no-unsafe-member-access
   41:35  warning  Unsafe argument of type `any` assigned to a parameter of type `string | number | Date`  @typescript-eslint/no-unsafe-argument
   41:46  warning  Unsafe member access .release_date on an `any` value                                    @typescript-eslint/no-unsafe-member-access
   45:21  warning  Unsafe member access .release_date on an `any` value                                    @typescript-eslint/no-unsafe-member-access
   46:34  warning  Unsafe argument of type `any` assigned to a parameter of type `string | number | Date`  @typescript-eslint/no-unsafe-argument
   46:45  warning  Unsafe member access .release_date on an `any` value                                    @typescript-eslint/no-unsafe-member-access
   50:21  warning  Unsafe member access .end_date on an `any` value                                        @typescript-eslint/no-unsafe-member-access
   51:34  warning  Unsafe argument of type `any` assigned to a parameter of type `string | number | Date`  @typescript-eslint/no-unsafe-argument
   51:45  warning  Unsafe member access .end_date on an `any` value                                        @typescript-eslint/no-unsafe-member-access
   55:5   warning  Unsafe return of a value of type `any`                                                  @typescript-eslint/no-unsafe-return
   55:23  warning  Unsafe member access .is_published on an `any` value                                    @typescript-eslint/no-unsafe-member-access
   59:20  warning  Unsafe member access .class_id on an `any` value                                        @typescript-eslint/no-unsafe-member-access
   66:23  warning  Unsafe member access .grading_mode on an `any` value                                    @typescript-eslint/no-unsafe-member-access
   70:23  warning  Unsafe member access .grading_mode on an `any` value                                    @typescript-eslint/no-unsafe-member-access
   74:23  warning  Unsafe member access .grading_mode on an `any` value                                    @typescript-eslint/no-unsafe-member-access
   74:64  warning  Unsafe member access .grading_mode on an `any` value                                    @typescript-eslint/no-unsafe-member-access
   78:5   warning  Unsafe return of a value of type `any`                                                  @typescript-eslint/no-unsafe-return
   78:23  warning  Unsafe member access .system_section_score on an `any` value                            @typescript-eslint/no-unsafe-member-access
   82:5   warning  Unsafe return of a value of type `any`                                                  @typescript-eslint/no-unsafe-return
   82:23  warning  Unsafe member access .manual_section_score on an `any` value                            @typescript-eslint/no-unsafe-member-access
   92:7   warning  Unsafe assignment of an `any` value                                                     @typescript-eslint/no-unsafe-assignment
   92:34  warning  Unsafe member access .manual_max_score on an `any` value                                @typescript-eslint/no-unsafe-member-access
   98:56  error    'any' overrides all other types in this union type                                      @typescript-eslint/no-redundant-type-constituents
  100:7   warning  Unsafe assignment of an `any` value                                                     @typescript-eslint/no-unsafe-assignment
  100:22  warning  Unsafe member access .id on an `any` value                                              @typescript-eslint/no-unsafe-member-access
  101:7   warning  Unsafe assignment of an `any` value                                                     @typescript-eslint/no-unsafe-assignment
  101:25  warning  Unsafe member access .title on an `any` value                                           @typescript-eslint/no-unsafe-member-access
  102:7   warning  Unsafe assignment of an `any` value                                                     @typescript-eslint/no-unsafe-assignment
  102:24  warning  Unsafe member access .type on an `any` value                                            @typescript-eslint/no-unsafe-member-access
  103:7   warning  Unsafe assignment of an `any` value                                                     @typescript-eslint/no-unsafe-assignment
  103:30  warning  Unsafe member access .total_items on an `any` value                                     @typescript-eslint/no-unsafe-member-access
  104:7   warning  Unsafe assignment of an `any` value                                                     @typescript-eslint/no-unsafe-assignment
  104:31  warning  Unsafe member access .release_date on an `any` value                                    @typescript-eslint/no-unsafe-member-access
  105:7   warning  Unsafe assignment of an `any` value                                                     @typescript-eslint/no-unsafe-assignment
  105:27  warning  Unsafe member access .end_date on an `any` value                                        @typescript-eslint/no-unsafe-member-access
  106:7   warning  Unsafe assignment of an `any` value                                                     @typescript-eslint/no-unsafe-assignment
  106:31  warning  Unsafe member access .is_published on an `any` value                                    @typescript-eslint/no-unsafe-member-access
  107:7   warning  Unsafe assignment of an `any` value                                                     @typescript-eslint/no-unsafe-assignment
  107:31  warning  Unsafe member access .grading_mode on an `any` value                                    @typescript-eslint/no-unsafe-member-access
  108:7   warning  Unsafe assignment of an `any` value                                                     @typescript-eslint/no-unsafe-assignment
  108:33  warning  Unsafe member access .show_breakdown on an `any` value                                  @typescript-eslint/no-unsafe-member-access
  109:7   warning  Unsafe assignment of an `any` value                                                     @typescript-eslint/no-unsafe-assignment
  109:37  warning  Unsafe member access .status on an `any` value                                          @typescript-eslint/no-unsafe-member-access
  110:7   warning  Unsafe assignment of an `any` value                                                     @typescript-eslint/no-unsafe-assignment
  110:32  warning  Unsafe member access .submitted_at on an `any` value                                    @typescript-eslint/no-unsafe-member-access
  111:7   warning  Unsafe assignment of an `any` value                                                     @typescript-eslint/no-unsafe-assignment
  111:26  warning  Unsafe member access .term_id on an `any` value                                         @typescript-eslint/no-unsafe-member-access
  112:7   warning  Unsafe assignment of an `any` value                                                     @typescript-eslint/no-unsafe-assignment
  112:30  warning  Unsafe member access .week_number on an `any` value                                     @typescript-eslint/no-unsafe-member-access
  118:7   warning  Unsafe assignment of an `any` value                                                     @typescript-eslint/no-unsafe-assignment
  118:15  warning  Unsafe member access .id on an `any` value                                              @typescript-eslint/no-unsafe-member-access
  119:7   warning  Unsafe assignment of an `any` value                                                     @typescript-eslint/no-unsafe-assignment
  119:25  warning  Unsafe member access .question_text on an `any` value                                   @typescript-eslint/no-unsafe-member-access
  120:7   warning  Unsafe assignment of an `any` value                                                     @typescript-eslint/no-unsafe-assignment
  120:17  warning  Unsafe member access .type on an `any` value                                            @typescript-eslint/no-unsafe-member-access
  121:7   warning  Unsafe assignment of an `any` value                                                     @typescript-eslint/no-unsafe-assignment
  121:20  warning  Unsafe member access .choices on an `any` value                                         @typescript-eslint/no-unsafe-member-access
  122:7   warning  Unsafe assignment of an `any` value                                                     @typescript-eslint/no-unsafe-assignment
  122:18  warning  Unsafe member access .order on an `any` value                                           @typescript-eslint/no-unsafe-member-access
  123:7   warning  Unsafe assignment of an `any` value                                                     @typescript-eslint/no-unsafe-assignment
  123:21  warning  Unsafe member access .is_manual on an `any` value                                       @typescript-eslint/no-unsafe-member-access
  124:7   warning  Unsafe assignment of an `any` value                                                     @typescript-eslint/no-unsafe-assignment
  124:24  warning  Unsafe member access .section_type on an `any` value                                    @typescript-eslint/no-unsafe-member-access
  130:7   warning  Unsafe assignment of an `any` value                                                     @typescript-eslint/no-unsafe-assignment
  130:15  warning  Unsafe member access .id on an `any` value                                              @typescript-eslint/no-unsafe-member-access
  131:7   warning  Unsafe assignment of an `any` value                                                     @typescript-eslint/no-unsafe-assignment
  131:25  warning  Unsafe member access .question_text on an `any` value                                   @typescript-eslint/no-unsafe-member-access
  132:7   warning  Unsafe assignment of an `any` value                                                     @typescript-eslint/no-unsafe-assignment
  132:17  warning  Unsafe member access .type on an `any` value                                            @typescript-eslint/no-unsafe-member-access
  133:7   warning  Unsafe assignment of an `any` value                                                     @typescript-eslint/no-unsafe-assignment
  133:26  warning  Unsafe member access .correct_answer on an `any` value                                  @typescript-eslint/no-unsafe-member-access
  134:7   warning  Unsafe assignment of an `any` value                                                     @typescript-eslint/no-unsafe-assignment
  134:20  warning  Unsafe member access .choices on an `any` value                                         @typescript-eslint/no-unsafe-member-access
  135:7   warning  Unsafe assignment of an `any` value                                                     @typescript-eslint/no-unsafe-assignment
  135:18  warning  Unsafe member access .order on an `any` value                                           @typescript-eslint/no-unsafe-member-access
  136:7   warning  Unsafe assignment of an `any` value                                                     @typescript-eslint/no-unsafe-assignment
  136:21  warning  Unsafe member access .is_manual on an `any` value                                       @typescript-eslint/no-unsafe-member-access
  137:7   warning  Unsafe assignment of an `any` value                                                     @typescript-eslint/no-unsafe-assignment
  137:24  warning  Unsafe member access .section_type on an `any` value                                    @typescript-eslint/no-unsafe-member-access
  148:7   warning  Unsafe assignment of an `any` value                                                     @typescript-eslint/no-unsafe-assignment
  148:22  warning  Unsafe member access .id on an `any` value                                              @typescript-eslint/no-unsafe-member-access
  149:7   warning  Unsafe assignment of an `any` value                                                     @typescript-eslint/no-unsafe-assignment
  149:24  warning  Unsafe member access .type on an `any` value                                            @typescript-eslint/no-unsafe-member-access
  150:7   warning  Unsafe assignment of an `any` value                                                     @typescript-eslint/no-unsafe-assignment
  150:30  warning  Unsafe member access .total_items on an `any` value                                     @typescript-eslint/no-unsafe-member-access
  151:7   warning  Unsafe assignment of an `any` value                                                     @typescript-eslint/no-unsafe-assignment
  151:31  warning  Unsafe member access .release_date on an `any` value                                    @typescript-eslint/no-unsafe-member-access
  152:7   warning  Unsafe assignment of an `any` value                                                     @typescript-eslint/no-unsafe-assignment
  152:27  warning  Unsafe member access .end_date on an `any` value                                        @typescript-eslint/no-unsafe-member-access
  153:7   warning  Unsafe assignment of an `any` value                                                     @typescript-eslint/no-unsafe-assignment
  153:31  warning  Unsafe member access .is_published on an `any` value                                    @typescript-eslint/no-unsafe-member-access
  154:7   warning  Unsafe assignment of an `any` value                                                     @typescript-eslint/no-unsafe-assignment
  154:31  warning  Unsafe member access .grading_mode on an `any` value                                    @typescript-eslint/no-unsafe-member-access
  155:7   warning  Unsafe assignment of an `any` value                                                     @typescript-eslint/no-unsafe-assignment
  155:33  warning  Unsafe member access .show_breakdown on an `any` value                                  @typescript-eslint/no-unsafe-member-access
  156:7   warning  Unsafe assignment of an `any` value                                                     @typescript-eslint/no-unsafe-assignment
  156:34  warning  Unsafe member access .manual_max_score on an `any` value                                @typescript-eslint/no-unsafe-member-access
  172:58  warning  Unsafe member access .question_id on an `any` value                                     @typescript-eslint/no-unsafe-member-access
  176:17  warning  Unsafe assignment of an `any` value                                                     @typescript-eslint/no-unsafe-assignment
  176:39  warning  Unsafe member access .id on an `any` value                                              @typescript-eslint/no-unsafe-member-access
  178:13  warning  Unsafe assignment of an `any` value                                                     @typescript-eslint/no-unsafe-assignment
  178:19  warning  Unsafe member access .id on an `any` value                                              @typescript-eslint/no-unsafe-member-access
  179:13  warning  Unsafe assignment of an `any` value                                                     @typescript-eslint/no-unsafe-assignment
  179:29  warning  Unsafe member access .question_text on an `any` value                                   @typescript-eslint/no-unsafe-member-access
  180:13  warning  Unsafe assignment of an `any` value                                                     @typescript-eslint/no-unsafe-assignment
  180:21  warning  Unsafe member access .type on an `any` value                                            @typescript-eslint/no-unsafe-member-access
  181:13  warning  Unsafe assignment of an `any` value                                                     @typescript-eslint/no-unsafe-assignment
  181:30  warning  Unsafe member access .correct_answer on an `any` value                                  @typescript-eslint/no-unsafe-member-access
  182:13  warning  Unsafe assignment of an `any` value                                                     @typescript-eslint/no-unsafe-assignment
  182:24  warning  Unsafe member access .choices on an `any` value                                         @typescript-eslint/no-unsafe-member-access
  183:13  warning  Unsafe assignment of an `any` value                                                     @typescript-eslint/no-unsafe-assignment
  183:22  warning  Unsafe member access .order on an `any` value                                           @typescript-eslint/no-unsafe-member-access
  184:13  warning  Unsafe assignment of an `any` value                                                     @typescript-eslint/no-unsafe-assignment
  184:25  warning  Unsafe member access .is_manual on an `any` value                                       @typescript-eslint/no-unsafe-member-access
  185:13  warning  Unsafe assignment of an `any` value                                                     @typescript-eslint/no-unsafe-assignment
  185:28  warning  Unsafe member access .section_type on an `any` value                                    @typescript-eslint/no-unsafe-member-access
  186:13  warning  Unsafe assignment of an `any` value                                                     @typescript-eslint/no-unsafe-assignment
  186:33  warning  Unsafe member access .answer on an `any` value                                          @typescript-eslint/no-unsafe-member-access
  187:13  warning  Unsafe assignment of an `any` value                                                     @typescript-eslint/no-unsafe-assignment
  187:29  warning  Unsafe member access .is_correct on an `any` value                                      @typescript-eslint/no-unsafe-member-access
  192:11  warning  Unsafe assignment of an `any` value                                                     @typescript-eslint/no-unsafe-assignment
  193:21  warning  Unsafe member access .manual_score on an `any` value                                    @typescript-eslint/no-unsafe-member-access
  193:48  warning  Unsafe member access .score on an `any` value                                           @typescript-eslint/no-unsafe-member-access
  197:7   warning  Unsafe assignment of an `any` value                                                     @typescript-eslint/no-unsafe-assignment
  197:26  warning  Unsafe member access .status on an `any` value                                          @typescript-eslint/no-unsafe-member-access
  198:7   warning  Unsafe assignment of an `any` value                                                     @typescript-eslint/no-unsafe-assignment
  198:31  warning  Unsafe member access .submitted_at on an `any` value                                    @typescript-eslint/no-unsafe-member-access
  199:7   warning  Unsafe assignment of an `any` value                                                     @typescript-eslint/no-unsafe-assignment
  200:7   warning  Unsafe assignment of an `any` value                                                     @typescript-eslint/no-unsafe-assignment
  200:31  warning  Unsafe member access .is_published on an `any` value                                    @typescript-eslint/no-unsafe-member-access
  201:7   warning  Unsafe assignment of an `any` value                                                     @typescript-eslint/no-unsafe-assignment
  201:30  warning  Unsafe member access .total_items on an `any` value                                     @typescript-eslint/no-unsafe-member-access
  202:7   warning  Unsafe assignment of an `any` value                                                     @typescript-eslint/no-unsafe-assignment
  202:31  warning  Unsafe member access .grading_mode on an `any` value                                    @typescript-eslint/no-unsafe-member-access
  203:7   warning  Unsafe assignment of an `any` value                                                     @typescript-eslint/no-unsafe-assignment
  203:33  warning  Unsafe member access .show_breakdown on an `any` value                                  @typescript-eslint/no-unsafe-member-access
  208:13  warning  Unsafe assignment of an `any` value                                                     @typescript-eslint/no-unsafe-assignment
  209:7   warning  Unsafe assignment of an `any` value                                                     @typescript-eslint/no-unsafe-assignment
  209:14  warning  Unsafe member access .systemScore on an `any` value                                     @typescript-eslint/no-unsafe-member-access
  209:37  warning  Unsafe member access .systemScore on an `any` value                                     @typescript-eslint/no-unsafe-member-access
  210:7   warning  Unsafe assignment of an `any` value                                                     @typescript-eslint/no-unsafe-assignment
  210:14  warning  Unsafe member access .manualScore on an `any` value                                     @typescript-eslint/no-unsafe-member-access
  210:37  warning  Unsafe member access .manualScore on an `any` value                                     @typescript-eslint/no-unsafe-member-access
  211:7   warning  Unsafe assignment of an `any` value                                                     @typescript-eslint/no-unsafe-assignment
  211:14  warning  Unsafe member access .manualMaxScore on an `any` value                                  @typescript-eslint/no-unsafe-member-access
  211:40  warning  Unsafe member access .manualMaxScore on an `any` value                                  @typescript-eslint/no-unsafe-member-access
  214:5   warning  Unsafe return of a value of type `any`                                                  @typescript-eslint/no-unsafe-return

C:\Users\Windows 10\Desktop\Personal\Studies\Research\EduToolV4\backend\src\modules\assessment\dto\assessment.dto.ts
  13:3  error  'Max' is defined but never used  @typescript-eslint/no-unused-vars

C:\Users\Windows 10\Desktop\Personal\Studies\Research\EduToolV4\backend\src\modules\assessment\educator\assessment-educator.service.ts
  106:27  warning  Unsafe member access .questions on an `any` value              @typescript-eslint/no-unsafe-member-access
  566:5   error    'educatorId' is defined but never used                         @typescript-eslint/no-unused-vars
  609:3   error    Async method 'cancelPreview' has no 'await' expression         @typescript-eslint/require-await
  613:3   error    Async method 'onSubmissionFinished' has no 'await' expression  @typescript-eslint/require-await

C:\Users\Windows 10\Desktop\Personal\Studies\Research\EduToolV4\backend\src\modules\assessment\educator\assessment-generation.helper.ts
  49:3  error    Async method 'startGeneration' has no 'await' expression                                                                                                            @typescript-eslint/require-await
  61:5  warning  Promises must be awaited, end with a call to .catch, end with a call to .then with a rejection handler or be explicitly marked as ignored with the `void` operator  @typescript-eslint/no-floating-promises
  90:5  warning  Promises must be awaited, end with a call to .catch, end with a call to .then with a rejection handler or be explicitly marked as ignored with the `void` operator  @typescript-eslint/no-floating-promises

C:\Users\Windows 10\Desktop\Personal\Studies\Research\EduToolV4\backend\src\modules\assessment\educator\helpers\assessment-creation.helper.ts
  3:3  error  'NotFoundException' is defined but never used  @typescript-eslint/no-unused-vars

C:\Users\Windows 10\Desktop\Personal\Studies\Research\EduToolV4\backend\src\modules\assessment\educator\helpers\assessment-submission.helper.ts
   25:9   warning  Unsafe assignment of an `any` value                                                                                                                @typescript-eslint/no-unsafe-assignment
   25:30  warning  Unsafe member access .class_id on an `any` value                                                                                                   @typescript-eslint/no-unsafe-member-access
   49:57  warning  Unsafe argument of type `any` assigned to a parameter of type `string`                                                                             @typescript-eslint/no-unsafe-argument
   49:68  warning  Unsafe member access .id on an `any` value                                                                                                         @typescript-eslint/no-unsafe-member-access
   78:9   warning  Unsafe assignment of an `any` value                                                                                                                @typescript-eslint/no-unsafe-assignment
   78:35  warning  Unsafe member access .id on an `any` value                                                                                                         @typescript-eslint/no-unsafe-member-access
   85:9   warning  Unsafe assignment of an `any` value                                                                                                                @typescript-eslint/no-unsafe-assignment
   85:34  warning  Unsafe member access .total_items on an `any` value                                                                                                @typescript-eslint/no-unsafe-member-access
   86:9   warning  Unsafe assignment of an `any` value                                                                                                                @typescript-eslint/no-unsafe-assignment
   86:34  warning  Unsafe member access .is_published on an `any` value                                                                                               @typescript-eslint/no-unsafe-member-access
  113:64  warning  Unsafe member access .id on an `any` value                                                                                                         @typescript-eslint/no-unsafe-member-access
  122:11  warning  Unsafe assignment of an `any` value                                                                                                                @typescript-eslint/no-unsafe-assignment
  122:32  warning  Unsafe member access .class_id on an `any` value                                                                                                   @typescript-eslint/no-unsafe-member-access
  134:11  warning  Unsafe assignment of an `any` value                                                                                                                @typescript-eslint/no-unsafe-assignment
  134:37  warning  Unsafe member access .id on an `any` value                                                                                                         @typescript-eslint/no-unsafe-member-access
  152:18  warning  Unsafe member access .isExempted on an `any` value                                                                                                 @typescript-eslint/no-unsafe-member-access
  153:18  warning  Unsafe member access .score on an `any` value                                                                                                      @typescript-eslint/no-unsafe-member-access
  156:18  warning  Unsafe member access .status on an `any` value                                                                                                     @typescript-eslint/no-unsafe-member-access
  157:18  warning  Unsafe member access .isMissed on an `any` value                                                                                                   @typescript-eslint/no-unsafe-member-access
  158:18  warning  Unsafe member access .score on an `any` value                                                                                                      @typescript-eslint/no-unsafe-member-access
  161:60  warning  Unsafe argument of type `any` assigned to a parameter of type `{ status: string; manualScore?: number | undefined; score?: number | undefined; }`  @typescript-eslint/no-unsafe-argument
  166:64  warning  Unsafe member access .id on an `any` value                                                                                                         @typescript-eslint/no-unsafe-member-access
  176:11  warning  Unsafe assignment of an `any` value                                                                                                                @typescript-eslint/no-unsafe-assignment
  176:36  warning  Unsafe member access .id on an `any` value                                                                                                         @typescript-eslint/no-unsafe-member-access
  189:9   warning  Unsafe argument of type `any` assigned to a parameter of type `string`                                                                             @typescript-eslint/no-unsafe-argument
  189:20  warning  Unsafe member access .id on an `any` value                                                                                                         @typescript-eslint/no-unsafe-member-access
  210:13  warning  Unsafe assignment of an `any` value                                                                                                                @typescript-eslint/no-unsafe-assignment
  210:39  warning  Unsafe member access .id on an `any` value                                                                                                         @typescript-eslint/no-unsafe-member-access

C:\Users\Windows 10\Desktop\Personal\Studies\Research\EduToolV4\backend\src\modules\assessment\student\assessment-student.service.ts
   71:9  warning  Unsafe assignment of an `any` value     @typescript-eslint/no-unsafe-assignment
  138:5  warning  Unsafe return of a value of type `any`  @typescript-eslint/no-unsafe-return

C:\Users\Windows 10\Desktop\Personal\Studies\Research\EduToolV4\backend\src\modules\attendance\__TEST__\attendance.service.spec.ts
   40:7   warning  Unsafe argument of type `any` assigned to a parameter of type `DatabaseService`            @typescript-eslint/no-unsafe-argument
   41:7   warning  Unsafe argument of type `any` assigned to a parameter of type `AttendanceRepository`       @typescript-eslint/no-unsafe-argument
   42:7   warning  Unsafe argument of type `any` assigned to a parameter of type `AuditLogService`            @typescript-eslint/no-unsafe-argument
   43:7   warning  Unsafe argument of type `any` assigned to a parameter of type `LessonService`              @typescript-eslint/no-unsafe-argument
  210:63  warning  Unsafe argument of type `any` assigned to a parameter of type `BulkSetAttendanceDto`       @typescript-eslint/no-unsafe-argument
  226:67  warning  Unsafe argument of type `any` assigned to a parameter of type `BulkSetAttendanceDto`       @typescript-eslint/no-unsafe-argument
  251:64  warning  Unsafe argument of type `any` assigned to a parameter of type `UpdateAttendanceRecordDto`  @typescript-eslint/no-unsafe-argument
  281:7   warning  Unsafe argument of type `any` assigned to a parameter of type `UpdateAttendanceRecordDto`  @typescript-eslint/no-unsafe-argument

C:\Users\Windows 10\Desktop\Personal\Studies\Research\EduToolV4\backend\src\modules\attendance\attendance.repository.ts
  80:17  warning  Unsafe assignment of an `any` value  @typescript-eslint/no-unsafe-assignment
  85:24  warning  Unsafe assignment of an `any` value  @typescript-eslint/no-unsafe-assignment

C:\Users\Windows 10\Desktop\Personal\Studies\Research\EduToolV4\backend\src\modules\attendance\attendance.service.ts
  142:45  warning  Unsafe argument of type `any` assigned to a parameter of type `string`  @typescript-eslint/no-unsafe-argument
  142:47  warning  Unsafe member access .id on an `any` value                              @typescript-eslint/no-unsafe-member-access
  253:7   warning  Unsafe assignment of an `any` value                                     @typescript-eslint/no-unsafe-assignment

C:\Users\Windows 10\Desktop\Personal\Studies\Research\EduToolV4\backend\src\modules\auth\admin-request-session.decorator.ts
   9:11  warning  Unsafe assignment of an `any` value                          @typescript-eslint/no-unsafe-assignment
  10:11  warning  Unsafe assignment of an `any` value                          @typescript-eslint/no-unsafe-assignment
  10:29  warning  Unsafe member access .adminRequestSession on an `any` value  @typescript-eslint/no-unsafe-member-access
  11:5   warning  Unsafe return of a value of type `any`                       @typescript-eslint/no-unsafe-return
  11:29  warning  Unsafe member access [data] on an `any` value                @typescript-eslint/no-unsafe-member-access

C:\Users\Windows 10\Desktop\Personal\Studies\Research\EduToolV4\backend\src\modules\auth\admin-request-session.guard.ts
  20:3   error    Async method 'canActivate' has no 'await' expression         @typescript-eslint/require-await
  21:11  warning  Unsafe assignment of an `any` value                          @typescript-eslint/no-unsafe-assignment
  22:11  warning  Unsafe assignment of an `any` value                          @typescript-eslint/no-unsafe-assignment
  22:48  warning  Unsafe member access .headers on an `any` value              @typescript-eslint/no-unsafe-member-access
  37:15  warning  Unsafe member access .adminRequestSession on an `any` value  @typescript-eslint/no-unsafe-member-access

C:\Users\Windows 10\Desktop\Personal\Studies\Research\EduToolV4\backend\src\modules\auth\auth.controller.ts
   18:20  error    'RefreshTokenDto' is defined but never used                             @typescript-eslint/no-unused-vars
   65:11  warning  Unsafe assignment of an `any` value                                     @typescript-eslint/no-unsafe-assignment
   66:20  warning  Unsafe member access .refreshToken on an `any` value                    @typescript-eslint/no-unsafe-member-access
   71:51  warning  Unsafe argument of type `any` assigned to a parameter of type `string`  @typescript-eslint/no-unsafe-argument
  115:11  warning  Unsafe assignment of an `any` value                                     @typescript-eslint/no-unsafe-assignment
  116:20  warning  Unsafe member access .refreshToken on an `any` value                    @typescript-eslint/no-unsafe-member-access
  119:15  warning  Unsafe assignment of an `any` value                                     @typescript-eslint/no-unsafe-assignment
  119:48  warning  Unsafe argument of type `any` assigned to a parameter of type `string`  @typescript-eslint/no-unsafe-argument
  120:22  warning  Unsafe member access .sub on an `any` value                             @typescript-eslint/no-unsafe-member-access
  121:41  warning  Unsafe argument of type `any` assigned to a parameter of type `string`  @typescript-eslint/no-unsafe-argument
  121:49  warning  Unsafe member access .sub on an `any` value                             @typescript-eslint/no-unsafe-member-access

C:\Users\Windows 10\Desktop\Personal\Studies\Research\EduToolV4\backend\src\modules\auth\auth.repository.ts
   72:5   warning  Unsafe return of a value of type `any`          @typescript-eslint/no-unsafe-return
  177:11  warning  Unsafe assignment of an `any` value             @typescript-eslint/no-unsafe-assignment
  207:13  warning  Unsafe member access .OR on an `any` value      @typescript-eslint/no-unsafe-member-access
  214:13  warning  Unsafe member access .status on an `any` value  @typescript-eslint/no-unsafe-member-access
  219:9   warning  Unsafe assignment of an `any` value             @typescript-eslint/no-unsafe-assignment
  224:43  warning  Unsafe assignment of an `any` value             @typescript-eslint/no-unsafe-assignment
  233:15  warning  Unsafe assignment of an `any` value             @typescript-eslint/no-unsafe-assignment
  252:9   warning  Unsafe assignment of an `any` value             @typescript-eslint/no-unsafe-assignment
  253:9   warning  Unsafe assignment of an `any` value             @typescript-eslint/no-unsafe-assignment

C:\Users\Windows 10\Desktop\Personal\Studies\Research\EduToolV4\backend\src\modules\auth\auth.service.ts
  323:7   warning  Unsafe assignment of an `any` value                           @typescript-eslint/no-unsafe-assignment
  323:19  warning  Unsafe member access .id on an `any` value                    @typescript-eslint/no-unsafe-member-access
  324:7   warning  Unsafe assignment of an `any` value                           @typescript-eslint/no-unsafe-assignment
  324:22  warning  Unsafe member access .email on an `any` value                 @typescript-eslint/no-unsafe-member-access
  325:7   warning  Unsafe assignment of an `any` value                           @typescript-eslint/no-unsafe-assignment
  325:26  warning  Unsafe member access .full_name on an `any` value             @typescript-eslint/no-unsafe-member-access
  326:7   warning  Unsafe assignment of an `any` value                           @typescript-eslint/no-unsafe-assignment
  326:21  warning  Unsafe member access .plan on an `any` value                  @typescript-eslint/no-unsafe-member-access
  327:7   warning  Unsafe assignment of an `any` value                           @typescript-eslint/no-unsafe-assignment
  327:33  warning  Unsafe member access .institution_name on an `any` value      @typescript-eslint/no-unsafe-member-access
  328:7   warning  Unsafe assignment of an `any` value                           @typescript-eslint/no-unsafe-assignment
  328:21  warning  Unsafe member access .role on an `any` value                  @typescript-eslint/no-unsafe-member-access
  329:7   warning  Unsafe assignment of an `any` value                           @typescript-eslint/no-unsafe-assignment
  329:30  warning  Unsafe member access .student_count on an `any` value         @typescript-eslint/no-unsafe-member-access
  330:7   warning  Unsafe assignment of an `any` value                           @typescript-eslint/no-unsafe-assignment
  330:37  warning  Unsafe member access .programs_departments on an `any` value  @typescript-eslint/no-unsafe-member-access
  331:7   warning  Unsafe assignment of an `any` value                           @typescript-eslint/no-unsafe-assignment
  331:23  warning  Unsafe member access .status on an `any` value                @typescript-eslint/no-unsafe-member-access
  332:32  warning  Unsafe member access .revision_notes on an `any` value        @typescript-eslint/no-unsafe-member-access
  336:7   warning  Unsafe assignment of an `any` value                           @typescript-eslint/no-unsafe-assignment
  336:28  warning  Unsafe member access .reviewed_by on an `any` value           @typescript-eslint/no-unsafe-member-access
  337:7   warning  Unsafe assignment of an `any` value                           @typescript-eslint/no-unsafe-assignment
  337:28  warning  Unsafe member access .reviewed_at on an `any` value           @typescript-eslint/no-unsafe-member-access
  338:7   warning  Unsafe assignment of an `any` value                           @typescript-eslint/no-unsafe-assignment
  338:27  warning  Unsafe member access .created_at on an `any` value            @typescript-eslint/no-unsafe-member-access
  339:7   warning  Unsafe assignment of an `any` value                           @typescript-eslint/no-unsafe-assignment
  339:27  warning  Unsafe member access .updated_at on an `any` value            @typescript-eslint/no-unsafe-member-access
  346:13  warning  Unsafe assignment of an `any` value                           @typescript-eslint/no-unsafe-assignment
  347:21  warning  Unsafe member access .sub on an `any` value                   @typescript-eslint/no-unsafe-member-access
  348:7   warning  Unsafe assignment of an `any` value                           @typescript-eslint/no-unsafe-assignment
  348:27  warning  Unsafe member access .sub on an `any` value                   @typescript-eslint/no-unsafe-member-access
  411:7   warning  Unsafe assignment of an `any` value                           @typescript-eslint/no-unsafe-assignment

C:\Users\Windows 10\Desktop\Personal\Studies\Research\EduToolV4\backend\src\modules\auth\strategies\jwt.strategy.ts
  16:5   warning  Unsafe call of a type that could not be resolved                                     @typescript-eslint/no-unsafe-call
  17:7   warning  Unsafe assignment of an error typed value                                            @typescript-eslint/no-unsafe-assignment
  17:23  warning  Unsafe call of a type that could not be resolved                                     @typescript-eslint/no-unsafe-call
  17:34  warning  Unsafe member access .fromAuthHeaderAsBearerToken on a type that cannot be resolved  @typescript-eslint/no-unsafe-member-access

C:\Users\Windows 10\Desktop\Personal\Studies\Research\EduToolV4\backend\src\modules\class\class.repository.ts
  411:9   warning  Unsafe assignment of an `any` value                     @typescript-eslint/no-unsafe-assignment
  412:9   warning  Unsafe assignment of an `any` value                     @typescript-eslint/no-unsafe-assignment
  414:9   warning  Unsafe assignment of an `any` value                     @typescript-eslint/no-unsafe-assignment
  447:9   warning  Unsafe assignment of an `any` value                     @typescript-eslint/no-unsafe-assignment
  447:22  warning  Unsafe member access .orgId on an `any` value           @typescript-eslint/no-unsafe-member-access
  448:9   warning  Unsafe assignment of an `any` value                     @typescript-eslint/no-unsafe-assignment
  448:24  warning  Unsafe member access .classId on an `any` value         @typescript-eslint/no-unsafe-member-access
  449:9   warning  Unsafe assignment of an `any` value                     @typescript-eslint/no-unsafe-assignment
  449:32  warning  Unsafe member access .fromEducatorId on an `any` value  @typescript-eslint/no-unsafe-member-access
  450:9   warning  Unsafe assignment of an `any` value                     @typescript-eslint/no-unsafe-assignment
  450:30  warning  Unsafe member access .toEducatorId on an `any` value    @typescript-eslint/no-unsafe-member-access
  451:9   warning  Unsafe assignment of an `any` value                     @typescript-eslint/no-unsafe-assignment
  451:22  warning  Unsafe member access .reason on an `any` value          @typescript-eslint/no-unsafe-member-access
  452:9   warning  Unsafe assignment of an `any` value                     @typescript-eslint/no-unsafe-assignment
  452:29  warning  Unsafe member access .reassignedBy on an `any` value    @typescript-eslint/no-unsafe-member-access

C:\Users\Windows 10\Desktop\Personal\Studies\Research\EduToolV4\backend\src\modules\class\class.service.ts
  218:15  warning  Unsafe assignment of an `any` value                                                     @typescript-eslint/no-unsafe-assignment
  218:38  warning  Unsafe member access .subject on an `any` value                                         @typescript-eslint/no-unsafe-member-access
  219:15  warning  Unsafe assignment of an `any` value                                                     @typescript-eslint/no-unsafe-assignment
  219:39  warning  Unsafe member access .educator on an `any` value                                        @typescript-eslint/no-unsafe-member-access
  221:15  warning  Unsafe assignment of an `any` value                                                     @typescript-eslint/no-unsafe-assignment
  222:20  warning  Unsafe member access .program_id on an `any` value                                      @typescript-eslint/no-unsafe-member-access
  223:20  warning  Unsafe member access .course on an `any` value                                          @typescript-eslint/no-unsafe-member-access
  224:20  warning  Unsafe member access .strand on an `any` value                                          @typescript-eslint/no-unsafe-member-access
  229:11  warning  Unsafe assignment of an `any` value                                                     @typescript-eslint/no-unsafe-assignment
  230:11  warning  Unsafe assignment of an `any` value                                                     @typescript-eslint/no-unsafe-assignment
  230:37  warning  Unsafe member access .gradingSchemes on an `any` value                                  @typescript-eslint/no-unsafe-member-access
  231:11  warning  Unsafe assignment of an `any` value                                                     @typescript-eslint/no-unsafe-assignment
  231:34  warning  Unsafe member access .name on an `any` value                                            @typescript-eslint/no-unsafe-member-access
  232:11  warning  Unsafe assignment of an `any` value                                                     @typescript-eslint/no-unsafe-assignment
  233:22  warning  Unsafe member access .program on an `any` value                                         @typescript-eslint/no-unsafe-member-access
  234:22  warning  Unsafe member access .course on an `any` value                                          @typescript-eslint/no-unsafe-member-access
  235:22  warning  Unsafe member access .strand on an `any` value                                          @typescript-eslint/no-unsafe-member-access
  237:11  warning  Unsafe assignment of an `any` value                                                     @typescript-eslint/no-unsafe-assignment
  237:32  warning  Unsafe member access .level on an `any` value                                           @typescript-eslint/no-unsafe-member-access
  238:11  warning  Unsafe assignment of an `any` value                                                     @typescript-eslint/no-unsafe-assignment
  238:33  warning  Unsafe member access .course on an `any` value                                          @typescript-eslint/no-unsafe-member-access
  239:11  warning  Unsafe assignment of an `any` value                                                     @typescript-eslint/no-unsafe-assignment
  239:33  warning  Unsafe member access .strand on an `any` value                                          @typescript-eslint/no-unsafe-member-access
  242:11  warning  Unsafe assignment of an `any` value                                                     @typescript-eslint/no-unsafe-assignment
  242:35  warning  Unsafe member access .profile on an `any` value                                         @typescript-eslint/no-unsafe-member-access
  447:9   warning  Unsafe assignment of an `any` value                                                     @typescript-eslint/no-unsafe-assignment
  447:20  warning  Unsafe member access .weekday on an `any` value                                         @typescript-eslint/no-unsafe-member-access
  448:29  warning  Unsafe argument of type `any` assigned to a parameter of type `string | number | Date`  @typescript-eslint/no-unsafe-argument
  448:31  warning  Unsafe member access .start_time on an `any` value                                      @typescript-eslint/no-unsafe-member-access
  449:27  warning  Unsafe argument of type `any` assigned to a parameter of type `string | number | Date`  @typescript-eslint/no-unsafe-argument
  449:29  warning  Unsafe member access .end_time on an `any` value                                        @typescript-eslint/no-unsafe-member-access
  523:15  warning  Unsafe assignment of an `any` value                                                     @typescript-eslint/no-unsafe-assignment
  523:41  warning  Unsafe member access .class on an `any` value                                           @typescript-eslint/no-unsafe-member-access
  525:62  warning  Unsafe argument of type `any` assigned to a parameter of type `string`                  @typescript-eslint/no-unsafe-argument
  525:66  warning  Unsafe member access .id on an `any` value                                              @typescript-eslint/no-unsafe-member-access
  530:13  warning  Unsafe assignment of an `any` value                                                     @typescript-eslint/no-unsafe-assignment
  530:21  warning  Unsafe member access .id on an `any` value                                              @typescript-eslint/no-unsafe-member-access
  531:13  warning  Unsafe assignment of an `any` value                                                     @typescript-eslint/no-unsafe-assignment
  531:28  warning  Unsafe member access .subject_id on an `any` value                                      @typescript-eslint/no-unsafe-member-access
  533:13  warning  Unsafe assignment of an `any` value                                                     @typescript-eslint/no-unsafe-assignment
  533:29  warning  Unsafe member access .educator_id on an `any` value                                     @typescript-eslint/no-unsafe-member-access
  535:13  warning  Unsafe assignment of an `any` value                                                     @typescript-eslint/no-unsafe-assignment
  535:28  warning  Unsafe member access .section_id on an `any` value                                      @typescript-eslint/no-unsafe-member-access
  536:13  warning  Unsafe assignment of an `any` value                                                     @typescript-eslint/no-unsafe-assignment
  536:31  warning  Unsafe member access .school_year_id on an `any` value                                  @typescript-eslint/no-unsafe-member-access
  537:13  warning  Unsafe assignment of an `any` value                                                     @typescript-eslint/no-unsafe-assignment
  537:29  warning  Unsafe member access .semester_id on an `any` value                                     @typescript-eslint/no-unsafe-member-access
  538:13  warning  Unsafe assignment of an `any` value                                                     @typescript-eslint/no-unsafe-assignment
  538:27  warning  Unsafe member access .capacity on an `any` value                                        @typescript-eslint/no-unsafe-member-access
  539:13  warning  Unsafe assignment of an `any` value                                                     @typescript-eslint/no-unsafe-assignment
  539:28  warning  Unsafe member access .schedules on an `any` value                                       @typescript-eslint/no-unsafe-member-access
  553:11  warning  Unsafe assignment of an `any` value                                                     @typescript-eslint/no-unsafe-assignment
  553:37  warning  Unsafe member access .class on an `any` value                                           @typescript-eslint/no-unsafe-member-access
  555:58  warning  Unsafe argument of type `any` assigned to a parameter of type `string`                  @typescript-eslint/no-unsafe-argument
  555:62  warning  Unsafe member access .id on an `any` value                                              @typescript-eslint/no-unsafe-member-access
  560:9   warning  Unsafe assignment of an `any` value                                                     @typescript-eslint/no-unsafe-assignment
  560:17  warning  Unsafe member access .id on an `any` value                                              @typescript-eslint/no-unsafe-member-access
  561:9   warning  Unsafe assignment of an `any` value                                                     @typescript-eslint/no-unsafe-assignment
  561:24  warning  Unsafe member access .subject_id on an `any` value                                      @typescript-eslint/no-unsafe-member-access
  563:9   warning  Unsafe assignment of an `any` value                                                     @typescript-eslint/no-unsafe-assignment
  563:25  warning  Unsafe member access .educator_id on an `any` value                                     @typescript-eslint/no-unsafe-member-access
  565:9   warning  Unsafe assignment of an `any` value                                                     @typescript-eslint/no-unsafe-assignment
  565:24  warning  Unsafe member access .section_id on an `any` value                                      @typescript-eslint/no-unsafe-member-access
  566:9   warning  Unsafe assignment of an `any` value                                                     @typescript-eslint/no-unsafe-assignment
  566:27  warning  Unsafe member access .school_year_id on an `any` value                                  @typescript-eslint/no-unsafe-member-access
  567:9   warning  Unsafe assignment of an `any` value                                                     @typescript-eslint/no-unsafe-assignment
  567:25  warning  Unsafe member access .semester_id on an `any` value                                     @typescript-eslint/no-unsafe-member-access
  568:9   warning  Unsafe assignment of an `any` value                                                     @typescript-eslint/no-unsafe-assignment
  568:23  warning  Unsafe member access .capacity on an `any` value                                        @typescript-eslint/no-unsafe-member-access
  569:9   warning  Unsafe assignment of an `any` value                                                     @typescript-eslint/no-unsafe-assignment
  569:24  warning  Unsafe member access .schedules on an `any` value                                       @typescript-eslint/no-unsafe-member-access
  600:51  warning  Unsafe member access .class_id on an `any` value                                        @typescript-eslint/no-unsafe-member-access
  630:51  warning  Unsafe member access .class_id on an `any` value                                        @typescript-eslint/no-unsafe-member-access

C:\Users\Windows 10\Desktop\Personal\Studies\Research\EduToolV4\backend\src\modules\class\dto\class.dto.ts
   8:3  error  'IsBoolean' is defined but never used  @typescript-eslint/no-unused-vars
  15:3  error  'MinLength' is defined but never used  @typescript-eslint/no-unused-vars

C:\Users\Windows 10\Desktop\Personal\Studies\Research\EduToolV4\backend\src\modules\concern\digest\concern-digest.service.ts
  38:3   error  Async method 'enqueueConcernDigest' has no 'await' expression  @typescript-eslint/require-await
  38:30  error  '_orgId' is defined but never used                             @typescript-eslint/no-unused-vars

C:\Users\Windows 10\Desktop\Personal\Studies\Research\EduToolV4\backend\src\modules\concern\staff\concern-staff.controller.ts
  20:3  error  'CreateCategoryDto' is defined but never used  @typescript-eslint/no-unused-vars
  21:3  error  'UpdateCategoryDto' is defined but never used  @typescript-eslint/no-unused-vars

C:\Users\Windows 10\Desktop\Personal\Studies\Research\EduToolV4\backend\src\modules\course\course.repository.ts
  61:28  error  'orgId' is defined but never used  @typescript-eslint/no-unused-vars

C:\Users\Windows 10\Desktop\Personal\Studies\Research\EduToolV4\backend\src\modules\dashboard\dashboard.repository.ts
  18:3  error  Async method 'getStats' has no 'await' expression            @typescript-eslint/require-await
  36:3  error  Async method 'getAcademicContext' has no 'await' expression  @typescript-eslint/require-await
  51:3  error  Async method 'getAlerts' has no 'await' expression           @typescript-eslint/require-await

C:\Users\Windows 10\Desktop\Personal\Studies\Research\EduToolV4\backend\src\modules\dashboard\dashboard.service.ts
  22:70  warning  Unsafe member access .message on an `any` value  @typescript-eslint/no-unsafe-member-access
  34:66  warning  Unsafe member access .message on an `any` value  @typescript-eslint/no-unsafe-member-access
  46:56  warning  Unsafe member access .message on an `any` value  @typescript-eslint/no-unsafe-member-access

C:\Users\Windows 10\Desktop\Personal\Studies\Research\EduToolV4\backend\src\modules\educator\educator.repository.ts
   52:22  warning  Unsafe assignment of an `any` value  @typescript-eslint/no-unsafe-assignment
  145:15  warning  Unsafe assignment of an `any` value  @typescript-eslint/no-unsafe-assignment

C:\Users\Windows 10\Desktop\Personal\Studies\Research\EduToolV4\backend\src\modules\educator\educator.service.ts
  339:26  warning  Unsafe member access .profile on an `any` value     @typescript-eslint/no-unsafe-member-access
  341:7   warning  Unsafe assignment of an `any` value                 @typescript-eslint/no-unsafe-assignment
  341:19  warning  Unsafe member access .id on an `any` value          @typescript-eslint/no-unsafe-member-access
  342:7   warning  Unsafe assignment of an `any` value                 @typescript-eslint/no-unsafe-assignment
  342:22  warning  Unsafe member access .org_id on an `any` value      @typescript-eslint/no-unsafe-member-access
  343:7   warning  Unsafe assignment of an `any` value                 @typescript-eslint/no-unsafe-assignment
  343:22  warning  Unsafe member access .email on an `any` value       @typescript-eslint/no-unsafe-member-access
  344:7   warning  Unsafe assignment of an `any` value                 @typescript-eslint/no-unsafe-assignment
  344:23  warning  Unsafe member access .status on an `any` value      @typescript-eslint/no-unsafe-member-access
  345:7   warning  Unsafe assignment of an `any` value                 @typescript-eslint/no-unsafe-assignment
  345:25  warning  Unsafe member access .profile on an `any` value     @typescript-eslint/no-unsafe-member-access
  346:7   warning  Unsafe assignment of an `any` value                 @typescript-eslint/no-unsafe-assignment
  347:7   warning  Unsafe assignment of an `any` value                 @typescript-eslint/no-unsafe-assignment
  347:26  warning  Unsafe member access .created_at on an `any` value  @typescript-eslint/no-unsafe-member-access
  348:31  warning  Unsafe member access .profile on an `any` value     @typescript-eslint/no-unsafe-member-access
  349:7   warning  Unsafe assignment of an `any` value                 @typescript-eslint/no-unsafe-assignment
  349:29  warning  Unsafe member access .profile on an `any` value     @typescript-eslint/no-unsafe-member-access

C:\Users\Windows 10\Desktop\Personal\Studies\Research\EduToolV4\backend\src\modules\enrollment-portal\enrollment-session.decorator.ts
  6:11  warning  Unsafe assignment of an `any` value                        @typescript-eslint/no-unsafe-assignment
  7:11  warning  Unsafe assignment of an `any` value                        @typescript-eslint/no-unsafe-assignment
  7:29  warning  Unsafe member access .enrollmentSession on an `any` value  @typescript-eslint/no-unsafe-member-access
  8:5   warning  Unsafe return of a value of type `any`                     @typescript-eslint/no-unsafe-return
  8:29  warning  Unsafe member access [data] on an `any` value              @typescript-eslint/no-unsafe-member-access

C:\Users\Windows 10\Desktop\Personal\Studies\Research\EduToolV4\backend\src\modules\enrollment-portal\enrollment-session.guard.ts
  21:3   error    Async method 'canActivate' has no 'await' expression       @typescript-eslint/require-await
  22:11  warning  Unsafe assignment of an `any` value                        @typescript-eslint/no-unsafe-assignment
  23:11  warning  Unsafe assignment of an `any` value                        @typescript-eslint/no-unsafe-assignment
  23:48  warning  Unsafe member access .headers on an `any` value            @typescript-eslint/no-unsafe-member-access
  38:15  warning  Unsafe member access .enrollmentSession on an `any` value  @typescript-eslint/no-unsafe-member-access

C:\Users\Windows 10\Desktop\Personal\Studies\Research\EduToolV4\backend\src\modules\enrollment-portal\serializers.ts
  10:5   warning  Unsafe assignment of an `any` value                            @typescript-eslint/no-unsafe-assignment
  10:16  warning  Unsafe member access .id on an `any` value                     @typescript-eslint/no-unsafe-member-access
  11:5   warning  Unsafe assignment of an `any` value                            @typescript-eslint/no-unsafe-assignment
  11:30  warning  Unsafe member access .application_code on an `any` value       @typescript-eslint/no-unsafe-member-access
  12:5   warning  Unsafe assignment of an `any` value                            @typescript-eslint/no-unsafe-assignment
  12:24  warning  Unsafe member access .first_name on an `any` value             @typescript-eslint/no-unsafe-member-access
  13:5   warning  Unsafe assignment of an `any` value                            @typescript-eslint/no-unsafe-assignment
  13:25  warning  Unsafe member access .middle_name on an `any` value            @typescript-eslint/no-unsafe-member-access
  14:5   warning  Unsafe assignment of an `any` value                            @typescript-eslint/no-unsafe-assignment
  14:23  warning  Unsafe member access .last_name on an `any` value              @typescript-eslint/no-unsafe-member-access
  15:5   warning  Unsafe assignment of an `any` value                            @typescript-eslint/no-unsafe-assignment
  15:17  warning  Unsafe member access .age on an `any` value                    @typescript-eslint/no-unsafe-member-access
  16:5   warning  Unsafe assignment of an `any` value                            @typescript-eslint/no-unsafe-assignment
  16:21  warning  Unsafe member access .address on an `any` value                @typescript-eslint/no-unsafe-member-access
  17:5   warning  Unsafe assignment of an `any` value                            @typescript-eslint/no-unsafe-assignment
  17:28  warning  Unsafe member access .contact_number on an `any` value         @typescript-eslint/no-unsafe-member-access
  18:5   warning  Unsafe assignment of an `any` value                            @typescript-eslint/no-unsafe-assignment
  18:35  warning  Unsafe member access .last_school_graduated on an `any` value  @typescript-eslint/no-unsafe-member-access
  19:5   warning  Unsafe assignment of an `any` value                            @typescript-eslint/no-unsafe-assignment
  19:24  warning  Unsafe member access .program_id on an `any` value             @typescript-eslint/no-unsafe-member-access
  20:5   warning  Unsafe assignment of an `any` value                            @typescript-eslint/no-unsafe-assignment
  20:23  warning  Unsafe member access .course_id on an `any` value              @typescript-eslint/no-unsafe-member-access
  21:5   warning  Unsafe assignment of an `any` value                            @typescript-eslint/no-unsafe-assignment
  21:23  warning  Unsafe member access .strand_id on an `any` value              @typescript-eslint/no-unsafe-member-access
  22:5   warning  Unsafe assignment of an `any` value                            @typescript-eslint/no-unsafe-assignment
  22:22  warning  Unsafe member access .level_id on an `any` value               @typescript-eslint/no-unsafe-member-access
  23:5   warning  Unsafe assignment of an `any` value                            @typescript-eslint/no-unsafe-assignment
  23:20  warning  Unsafe member access .status on an `any` value                 @typescript-eslint/no-unsafe-member-access
  24:5   warning  Unsafe assignment of an `any` value                            @typescript-eslint/no-unsafe-assignment
  24:30  warning  Unsafe member access .rejection_reason on an `any` value       @typescript-eslint/no-unsafe-member-access
  25:5   warning  Unsafe assignment of an `any` value                            @typescript-eslint/no-unsafe-assignment
  25:26  warning  Unsafe member access .submitted_at on an `any` value           @typescript-eslint/no-unsafe-member-access
  26:5   warning  Unsafe assignment of an `any` value                            @typescript-eslint/no-unsafe-assignment
  26:24  warning  Unsafe member access .updated_at on an `any` value             @typescript-eslint/no-unsafe-member-access

C:\Users\Windows 10\Desktop\Personal\Studies\Research\EduToolV4\backend\src\modules\enrollment\enrollment.repository.ts
   61:9   warning  Unsafe assignment of an `any` value  @typescript-eslint/no-unsafe-assignment
  140:15  warning  Unsafe assignment of an `any` value  @typescript-eslint/no-unsafe-assignment
  147:15  warning  Unsafe assignment of an `any` value  @typescript-eslint/no-unsafe-assignment

C:\Users\Windows 10\Desktop\Personal\Studies\Research\EduToolV4\backend\src\modules\export\export.service.ts
   27:11  warning  Unsafe assignment of type `any[]` to a variable of type `string[]`                       @typescript-eslint/no-unsafe-assignment
   28:19  warning  Unsafe return of a value of type `any`                                                   @typescript-eslint/no-unsafe-return
   28:21  warning  Unsafe member access .student_id on an `any` value                                       @typescript-eslint/no-unsafe-member-access
   52:13  warning  Unsafe assignment of an `any` value                                                      @typescript-eslint/no-unsafe-assignment
   54:13  warning  Unsafe assignment of type `any[]` to a variable of type `string[]`                       @typescript-eslint/no-unsafe-assignment
   65:25  warning  Unsafe member access .student_id on an `any` value                                       @typescript-eslint/no-unsafe-member-access
   72:29  warning  Unsafe member access .category on an `any` value                                         @typescript-eslint/no-unsafe-member-access
   77:29  warning  Unsafe member access .assessment on an `any` value                                       @typescript-eslint/no-unsafe-member-access
   82:21  warning  Unsafe assignment of an `any` value                                                      @typescript-eslint/no-unsafe-assignment
   83:42  warning  Unsafe return of a value of type `any`                                                   @typescript-eslint/no-unsafe-return
   83:51  warning  Unsafe member access .manual_score on an `any` value                                     @typescript-eslint/no-unsafe-member-access
   83:69  warning  Unsafe member access .score on an `any` value                                            @typescript-eslint/no-unsafe-member-access
   86:21  warning  Unsafe assignment of an `any` value                                                      @typescript-eslint/no-unsafe-assignment
   87:42  warning  Unsafe return of a value of type `any`                                                   @typescript-eslint/no-unsafe-return
   87:50  warning  Unsafe member access .assessment on an `any` value                                       @typescript-eslint/no-unsafe-member-access
  122:21  warning  Unsafe member access .student_id on an `any` value                                       @typescript-eslint/no-unsafe-member-access
  140:11  warning  Unsafe assignment of an `any` value                                                      @typescript-eslint/no-unsafe-assignment
  170:7   warning  Unsafe argument of type `any` assigned to a parameter of type `string`                   @typescript-eslint/no-unsafe-argument
  197:58  warning  Unsafe argument of type `any` assigned to a parameter of type `string`                   @typescript-eslint/no-unsafe-argument
  197:63  warning  Unsafe member access .id on an `any` value                                               @typescript-eslint/no-unsafe-member-access
  198:52  warning  Unsafe argument of type `any` assigned to a parameter of type `string`                   @typescript-eslint/no-unsafe-argument
  198:57  warning  Unsafe member access .id on an `any` value                                               @typescript-eslint/no-unsafe-member-access
  199:60  warning  Unsafe argument of type `any` assigned to a parameter of type `string`                   @typescript-eslint/no-unsafe-argument
  199:65  warning  Unsafe member access .id on an `any` value                                               @typescript-eslint/no-unsafe-member-access
  202:11  warning  Unsafe assignment of an `any` value                                                      @typescript-eslint/no-unsafe-assignment
  204:27  warning  Unsafe member access .student_id on an `any` value                                       @typescript-eslint/no-unsafe-member-access
  216:46  warning  Unsafe argument of type `any` assigned to a parameter of type `Buffer<ArrayBufferLike>`  @typescript-eslint/no-unsafe-argument
  245:54  warning  Unsafe argument of type `any` assigned to a parameter of type `string`                   @typescript-eslint/no-unsafe-argument
  245:59  warning  Unsafe member access .name on an `any` value                                             @typescript-eslint/no-unsafe-member-access
  256:29  warning  Unsafe member access .category on an `any` value                                         @typescript-eslint/no-unsafe-member-access
  261:29  warning  Unsafe member access .assessment on an `any` value                                       @typescript-eslint/no-unsafe-member-access
  264:21  warning  Unsafe assignment of an `any` value                                                      @typescript-eslint/no-unsafe-assignment
  265:42  warning  Unsafe return of a value of type `any`                                                   @typescript-eslint/no-unsafe-return
  265:51  warning  Unsafe member access .manual_score on an `any` value                                     @typescript-eslint/no-unsafe-member-access
  265:69  warning  Unsafe member access .score on an `any` value                                            @typescript-eslint/no-unsafe-member-access
  268:21  warning  Unsafe assignment of an `any` value                                                      @typescript-eslint/no-unsafe-assignment
  269:42  warning  Unsafe return of a value of type `any`                                                   @typescript-eslint/no-unsafe-return
  269:50  warning  Unsafe member access .assessment on an `any` value                                       @typescript-eslint/no-unsafe-member-access

C:\Users\Windows 10\Desktop\Personal\Studies\Research\EduToolV4\backend\src\modules\grade-lock\__TEST__\grade-lock-proof.spec.ts
   29:45  warning  Unsafe argument of type `any` assigned to a parameter of type `GradeLockRepository`  @typescript-eslint/no-unsafe-argument
   29:58  warning  Unsafe argument of type `any` assigned to a parameter of type `AuditLogService`      @typescript-eslint/no-unsafe-argument
   62:9   warning  Unsafe argument of type `any` assigned to a parameter of type `GradeLockRepository`  @typescript-eslint/no-unsafe-argument
   63:9   warning  Unsafe argument of type `any` assigned to a parameter of type `GradeLockValidator`   @typescript-eslint/no-unsafe-argument
   64:9   warning  Unsafe argument of type `any` assigned to a parameter of type `AuditLogService`      @typescript-eslint/no-unsafe-argument
   94:69  error    Async arrow function has no 'await' expression                                       @typescript-eslint/require-await
   95:13  warning  Unsafe assignment of an `any` value                                                  @typescript-eslint/no-unsafe-assignment
   95:34  warning  Unsafe member access .where on an `any` value                                        @typescript-eslint/no-unsafe-member-access
  104:44  warning  Unsafe argument of type `any` assigned to a parameter of type `DatabaseService`      @typescript-eslint/no-unsafe-argument
  144:9   warning  Unsafe argument of type `any` assigned to a parameter of type `GradeLockRepository`  @typescript-eslint/no-unsafe-argument
  145:9   warning  Unsafe argument of type `any` assigned to a parameter of type `AuditLogService`      @typescript-eslint/no-unsafe-argument
  188:9   warning  Unsafe argument of type `any` assigned to a parameter of type `GradeLockRepository`  @typescript-eslint/no-unsafe-argument
  189:9   warning  Unsafe argument of type `any` assigned to a parameter of type `AuditLogService`      @typescript-eslint/no-unsafe-argument

C:\Users\Windows 10\Desktop\Personal\Studies\Research\EduToolV4\backend\src\modules\grade-lock\grade-lock-auto.service.ts
  49:13  warning  Unsafe assignment of an `any` value                                                     @typescript-eslint/no-unsafe-assignment
  49:43  warning  Unsafe member access .schoolYear on an `any` value                                      @typescript-eslint/no-unsafe-member-access
  52:33  warning  Unsafe argument of type `any` assigned to a parameter of type `string | number | Date`  @typescript-eslint/no-unsafe-argument

C:\Users\Windows 10\Desktop\Personal\Studies\Research\EduToolV4\backend\src\modules\grade-lock\grade-lock.controller.ts
   13:3   error    'BadRequestException' is defined but never used                         @typescript-eslint/no-unused-vars
   30:3   error    'QueryGradeLockDto' is defined but never used                           @typescript-eslint/no-unused-vars
   47:39  warning  Unsafe argument of type `any` assigned to a parameter of type `string`  @typescript-eslint/no-unsafe-argument
   47:44  warning  Unsafe member access .org_id on an `any` value                          @typescript-eslint/no-unsafe-member-access
   54:37  warning  Unsafe argument of type `any` assigned to a parameter of type `string`  @typescript-eslint/no-unsafe-argument
   54:42  warning  Unsafe member access .org_id on an `any` value                          @typescript-eslint/no-unsafe-member-access
   61:36  warning  Unsafe argument of type `any` assigned to a parameter of type `string`  @typescript-eslint/no-unsafe-argument
   61:41  warning  Unsafe member access .org_id on an `any` value                          @typescript-eslint/no-unsafe-member-access
   72:39  warning  Unsafe argument of type `any` assigned to a parameter of type `string`  @typescript-eslint/no-unsafe-argument
   72:44  warning  Unsafe member access .org_id on an `any` value                          @typescript-eslint/no-unsafe-member-access
   79:39  warning  Unsafe argument of type `any` assigned to a parameter of type `string`  @typescript-eslint/no-unsafe-argument
   79:44  warning  Unsafe member access .org_id on an `any` value                          @typescript-eslint/no-unsafe-member-access
   88:39  warning  Unsafe argument of type `any` assigned to a parameter of type `string`  @typescript-eslint/no-unsafe-argument
   88:44  warning  Unsafe member access .org_id on an `any` value                          @typescript-eslint/no-unsafe-member-access
   88:52  warning  Unsafe argument of type `any` assigned to a parameter of type `string`  @typescript-eslint/no-unsafe-argument
   88:57  warning  Unsafe member access .id on an `any` value                              @typescript-eslint/no-unsafe-member-access
  101:44  warning  Unsafe argument of type `any` assigned to a parameter of type `string`  @typescript-eslint/no-unsafe-argument
  101:49  warning  Unsafe member access .id on an `any` value                              @typescript-eslint/no-unsafe-member-access
  101:53  warning  Unsafe argument of type `any` assigned to a parameter of type `string`  @typescript-eslint/no-unsafe-argument
  101:58  warning  Unsafe member access .org_id on an `any` value                          @typescript-eslint/no-unsafe-member-access
  114:7   warning  Unsafe argument of type `any` assigned to a parameter of type `string`  @typescript-eslint/no-unsafe-argument
  114:12  warning  Unsafe member access .id on an `any` value                              @typescript-eslint/no-unsafe-member-access
  115:7   warning  Unsafe argument of type `any` assigned to a parameter of type `string`  @typescript-eslint/no-unsafe-argument
  115:12  warning  Unsafe member access .role on an `any` value                            @typescript-eslint/no-unsafe-member-access
  116:7   warning  Unsafe argument of type `any` assigned to a parameter of type `string`  @typescript-eslint/no-unsafe-argument
  116:12  warning  Unsafe member access .org_id on an `any` value                          @typescript-eslint/no-unsafe-member-access
  129:47  warning  Unsafe argument of type `any` assigned to a parameter of type `string`  @typescript-eslint/no-unsafe-argument
  129:52  warning  Unsafe member access .id on an `any` value                              @typescript-eslint/no-unsafe-member-access
  129:56  warning  Unsafe argument of type `any` assigned to a parameter of type `string`  @typescript-eslint/no-unsafe-argument
  129:61  warning  Unsafe member access .org_id on an `any` value                          @typescript-eslint/no-unsafe-member-access
  142:53  warning  Unsafe argument of type `any` assigned to a parameter of type `string`  @typescript-eslint/no-unsafe-argument
  142:58  warning  Unsafe member access .org_id on an `any` value                          @typescript-eslint/no-unsafe-member-access
  144:39  warning  Unsafe argument of type `any` assigned to a parameter of type `string`  @typescript-eslint/no-unsafe-argument
  144:44  warning  Unsafe member access .org_id on an `any` value                          @typescript-eslint/no-unsafe-member-access
  154:43  warning  Unsafe argument of type `any` assigned to a parameter of type `string`  @typescript-eslint/no-unsafe-argument
  154:48  warning  Unsafe member access .org_id on an `any` value                          @typescript-eslint/no-unsafe-member-access
  163:48  warning  Unsafe argument of type `any` assigned to a parameter of type `string`  @typescript-eslint/no-unsafe-argument
  163:53  warning  Unsafe member access .org_id on an `any` value                          @typescript-eslint/no-unsafe-member-access
  172:43  warning  Unsafe argument of type `any` assigned to a parameter of type `string`  @typescript-eslint/no-unsafe-argument
  172:48  warning  Unsafe member access .org_id on an `any` value                          @typescript-eslint/no-unsafe-member-access
  182:51  warning  Unsafe argument of type `any` assigned to a parameter of type `string`  @typescript-eslint/no-unsafe-argument
  182:56  warning  Unsafe member access .org_id on an `any` value                          @typescript-eslint/no-unsafe-member-access
  193:48  warning  Unsafe argument of type `any` assigned to a parameter of type `string`  @typescript-eslint/no-unsafe-argument
  193:53  warning  Unsafe member access .id on an `any` value                              @typescript-eslint/no-unsafe-member-access
  193:57  warning  Unsafe argument of type `any` assigned to a parameter of type `string`  @typescript-eslint/no-unsafe-argument
  193:62  warning  Unsafe member access .org_id on an `any` value                          @typescript-eslint/no-unsafe-member-access
  204:46  warning  Unsafe argument of type `any` assigned to a parameter of type `string`  @typescript-eslint/no-unsafe-argument
  204:51  warning  Unsafe member access .id on an `any` value                              @typescript-eslint/no-unsafe-member-access
  204:55  warning  Unsafe argument of type `any` assigned to a parameter of type `string`  @typescript-eslint/no-unsafe-argument
  204:60  warning  Unsafe member access .org_id on an `any` value                          @typescript-eslint/no-unsafe-member-access
  215:45  warning  Unsafe argument of type `any` assigned to a parameter of type `string`  @typescript-eslint/no-unsafe-argument
  215:50  warning  Unsafe member access .id on an `any` value                              @typescript-eslint/no-unsafe-member-access
  215:54  warning  Unsafe argument of type `any` assigned to a parameter of type `string`  @typescript-eslint/no-unsafe-argument
  215:59  warning  Unsafe member access .org_id on an `any` value                          @typescript-eslint/no-unsafe-member-access

C:\Users\Windows 10\Desktop\Personal\Studies\Research\EduToolV4\backend\src\modules\grade-lock\grade-lock.utils.ts
  21:52  warning  Unsafe return of a value of type `any`                                                                                                                  @typescript-eslint/no-unsafe-return
  21:54  warning  Unsafe member access .class on an `any` value                                                                                                           @typescript-eslint/no-unsafe-member-access
  22:51  warning  Unsafe argument of type `any[]` assigned to a parameter of type `string[]`                                                                              @typescript-eslint/no-unsafe-argument
  31:9   warning  Unsafe assignment of an `any` value                                                                                                                     @typescript-eslint/no-unsafe-assignment
  31:24  warning  Unsafe member access .setting on an `any` value                                                                                                         @typescript-eslint/no-unsafe-member-access
  34:21  warning  Unsafe argument of type `any` assigned to a parameter of type `string`                                                                                  @typescript-eslint/no-unsafe-argument
  34:26  warning  Unsafe member access .class on an `any` value                                                                                                           @typescript-eslint/no-unsafe-member-access
  36:9   warning  Unsafe assignment of an `any` value                                                                                                                     @typescript-eslint/no-unsafe-assignment
  36:28  warning  Unsafe member access .class on an `any` value                                                                                                           @typescript-eslint/no-unsafe-member-access
  38:27  warning  Unsafe member access .is_locked on an `any` value                                                                                                       @typescript-eslint/no-unsafe-member-access
  39:12  warning  Unsafe member access .locked_by on an `any` value                                                                                                       @typescript-eslint/no-unsafe-member-access
  44:50  warning  Unsafe argument of type `any` assigned to a parameter of type `{ lock_deadline?: Date | null | undefined; deadlineDays?: number | null | undefined; }`  @typescript-eslint/no-unsafe-argument
  47:5   warning  Unsafe assignment of an `any` value                                                                                                                     @typescript-eslint/no-unsafe-assignment
  47:14  warning  Unsafe member access .id on an `any` value                                                                                                              @typescript-eslint/no-unsafe-member-access
  49:5   warning  Unsafe assignment of an `any` value                                                                                                                     @typescript-eslint/no-unsafe-assignment
  49:20  warning  Unsafe member access .class_id on an `any` value                                                                                                        @typescript-eslint/no-unsafe-member-access
  50:5   warning  Unsafe assignment of an `any` value                                                                                                                     @typescript-eslint/no-unsafe-assignment
  50:21  warning  Unsafe member access .is_locked on an `any` value                                                                                                       @typescript-eslint/no-unsafe-member-access
  51:5   warning  Unsafe assignment of an `any` value                                                                                                                     @typescript-eslint/no-unsafe-assignment
  51:21  warning  Unsafe member access .locked_by on an `any` value                                                                                                       @typescript-eslint/no-unsafe-member-access
  52:5   warning  Unsafe assignment of an `any` value                                                                                                                     @typescript-eslint/no-unsafe-assignment
  52:21  warning  Unsafe member access .locked_at on an `any` value                                                                                                       @typescript-eslint/no-unsafe-member-access
  53:5   warning  Unsafe assignment of an `any` value                                                                                                                     @typescript-eslint/no-unsafe-assignment
  53:22  warning  Unsafe member access .created_at on an `any` value                                                                                                      @typescript-eslint/no-unsafe-member-access
  59:11  warning  Unsafe assignment of an `any` value                                                                                                                     @typescript-eslint/no-unsafe-assignment
  59:23  warning  Unsafe member access .id on an `any` value                                                                                                              @typescript-eslint/no-unsafe-member-access
  60:11  warning  Unsafe assignment of an `any` value                                                                                                                     @typescript-eslint/no-unsafe-assignment
  60:25  warning  Unsafe member access .name on an `any` value                                                                                                            @typescript-eslint/no-unsafe-member-access
  61:11  warning  Unsafe assignment of an `any` value                                                                                                                     @typescript-eslint/no-unsafe-assignment
  61:29  warning  Unsafe member access .lockType on an `any` value                                                                                                        @typescript-eslint/no-unsafe-member-access
  62:11  warning  Unsafe assignment of an `any` value                                                                                                                     @typescript-eslint/no-unsafe-assignment
  62:34  warning  Unsafe member access .allowOverride on an `any` value                                                                                                   @typescript-eslint/no-unsafe-member-access
  66:5   warning  Unsafe assignment of an `any` value                                                                                                                     @typescript-eslint/no-unsafe-assignment
  70:7   warning  Unsafe assignment of an `any` value                                                                                                                     @typescript-eslint/no-unsafe-assignment
  70:16  warning  Unsafe member access .class on an `any` value                                                                                                           @typescript-eslint/no-unsafe-member-access
  71:7   warning  Unsafe assignment of an `any` value                                                                                                                     @typescript-eslint/no-unsafe-assignment
  71:24  warning  Unsafe member access .class on an `any` value                                                                                                           @typescript-eslint/no-unsafe-member-access
  72:7   warning  Unsafe assignment of an `any` value                                                                                                                     @typescript-eslint/no-unsafe-assignment
  72:25  warning  Unsafe member access .class on an `any` value                                                                                                           @typescript-eslint/no-unsafe-member-access
  73:7   warning  Unsafe assignment of an `any` value                                                                                                                     @typescript-eslint/no-unsafe-assignment
  73:28  warning  Unsafe member access .class on an `any` value                                                                                                           @typescript-eslint/no-unsafe-member-access
  74:7   warning  Unsafe assignment of an `any` value                                                                                                                     @typescript-eslint/no-unsafe-assignment
  74:21  warning  Unsafe member access .class on an `any` value                                                                                                           @typescript-eslint/no-unsafe-member-access

C:\Users\Windows 10\Desktop\Personal\Studies\Research\EduToolV4\backend\src\modules\grade-lock\grade-lock.validator.ts
   92:57  warning  Unsafe return of a value of type `any`                                      @typescript-eslint/no-unsafe-return
   92:59  warning  Unsafe member access .student_id on an `any` value                          @typescript-eslint/no-unsafe-member-access
   97:52  warning  Unsafe argument of type `any[]` assigned to a parameter of type `string[]`  @typescript-eslint/no-unsafe-argument
  106:49  warning  Unsafe member access .is_optional on an `any` value                         @typescript-eslint/no-unsafe-member-access
  128:13  error    'assessmentMap' is assigned a value but never used                          @typescript-eslint/no-unused-vars
  128:68  warning  Unsafe member access .id on an `any` value                                  @typescript-eslint/no-unsafe-member-access
  147:41  warning  Unsafe argument of type `any` assigned to a parameter of type `string`      @typescript-eslint/no-unsafe-argument
  157:15  warning  Unsafe assignment of an `any` value                                         @typescript-eslint/no-unsafe-assignment

C:\Users\Windows 10\Desktop\Personal\Studies\Research\EduToolV4\backend\src\modules\grade\__TEST__\grade-educator-recompute-skip.spec.ts
  24:7  warning  Unsafe argument of type `any` assigned to a parameter of type `GradeRepository`  @typescript-eslint/no-unsafe-argument
  26:7  warning  Unsafe argument of type `any` assigned to a parameter of type `AuditLogService`  @typescript-eslint/no-unsafe-argument

C:\Users\Windows 10\Desktop\Personal\Studies\Research\EduToolV4\backend\src\modules\grade\__TEST__\grade-educator.service.spec.ts
  24:7  warning  Unsafe argument of type `any` assigned to a parameter of type `GradeRepository`  @typescript-eslint/no-unsafe-argument
  26:7  warning  Unsafe argument of type `any` assigned to a parameter of type `AuditLogService`  @typescript-eslint/no-unsafe-argument

C:\Users\Windows 10\Desktop\Personal\Studies\Research\EduToolV4\backend\src\modules\grade\core\grade-core.service.ts
   59:15  warning  Unsafe assignment of an `any` value                                     @typescript-eslint/no-unsafe-assignment
   60:18  warning  Unsafe call of an `any` typed value                                     @typescript-eslint/no-unsafe-call
   60:20  warning  Unsafe member access .category on an `any` value                        @typescript-eslint/no-unsafe-member-access
   63:40  warning  Unsafe member access .score on an `any` value                           @typescript-eslint/no-unsafe-member-access
   68:20  warning  Unsafe member access .type on an `any` value                            @typescript-eslint/no-unsafe-member-access
   78:51  warning  Unsafe argument of type `any` assigned to a parameter of type `string`  @typescript-eslint/no-unsafe-argument
   78:62  warning  Unsafe member access .id on an `any` value                              @typescript-eslint/no-unsafe-member-access
   79:17  warning  Unsafe assignment of an `any` value                                     @typescript-eslint/no-unsafe-assignment
   80:22  warning  Unsafe member access .assessment_id on an `any` value                   @typescript-eslint/no-unsafe-member-access
   80:51  warning  Unsafe member access .id on an `any` value                              @typescript-eslint/no-unsafe-member-access
   89:19  warning  Unsafe member access .status on an `any` value                          @typescript-eslint/no-unsafe-member-access
   89:48  warning  Unsafe member access .is_exempted on an `any` value                     @typescript-eslint/no-unsafe-member-access
   90:19  warning  Unsafe member access .is_missed on an `any` value                       @typescript-eslint/no-unsafe-member-access
  122:18  warning  Unsafe member access .assessment on an `any` value                      @typescript-eslint/no-unsafe-member-access
  123:18  warning  Unsafe member access .manual_section_score on an `any` value            @typescript-eslint/no-unsafe-member-access
  125:7   warning  Unsafe return of a value of type `any`                                  @typescript-eslint/no-unsafe-return
  126:21  warning  Unsafe member access .system_section_score on an `any` value            @typescript-eslint/no-unsafe-member-access
  127:21  warning  Unsafe member access .manual_section_score on an `any` value            @typescript-eslint/no-unsafe-member-access
  130:5   warning  Unsafe return of a value of type `any`                                  @typescript-eslint/no-unsafe-return
  130:23  warning  Unsafe member access .manual_score on an `any` value                    @typescript-eslint/no-unsafe-member-access
  130:50  warning  Unsafe member access .score on an `any` value                           @typescript-eslint/no-unsafe-member-access
  140:11  warning  Unsafe assignment of an `any` value                                     @typescript-eslint/no-unsafe-assignment
  141:18  warning  Unsafe member access .grading_mode on an `any` value                    @typescript-eslint/no-unsafe-member-access
  142:23  warning  Unsafe member access .manual_max_score on an `any` value                @typescript-eslint/no-unsafe-member-access
  142:54  warning  Unsafe member access .total_items on an `any` value                     @typescript-eslint/no-unsafe-member-access
  143:22  warning  Unsafe member access .total_items on an `any` value                     @typescript-eslint/no-unsafe-member-access
  162:15  warning  Unsafe assignment of an `any` value                                     @typescript-eslint/no-unsafe-assignment
  163:18  warning  Unsafe call of an `any` typed value                                     @typescript-eslint/no-unsafe-call
  163:20  warning  Unsafe member access .category on an `any` value                        @typescript-eslint/no-unsafe-member-access
  165:9   warning  Unsafe assignment of an `any` value                                     @typescript-eslint/no-unsafe-assignment
  165:31  warning  Unsafe member access .score on an `any` value                           @typescript-eslint/no-unsafe-member-access
  173:20  warning  Unsafe member access .type on an `any` value                            @typescript-eslint/no-unsafe-member-access
  181:55  warning  Unsafe argument of type `any` assigned to a parameter of type `string`  @typescript-eslint/no-unsafe-argument
  181:66  warning  Unsafe member access .id on an `any` value                              @typescript-eslint/no-unsafe-member-access
  182:21  warning  Unsafe assignment of an `any` value                                     @typescript-eslint/no-unsafe-assignment
  183:26  warning  Unsafe member access .assessment_id on an `any` value                   @typescript-eslint/no-unsafe-member-access
  183:55  warning  Unsafe member access .id on an `any` value                              @typescript-eslint/no-unsafe-member-access
  186:23  warning  Unsafe member access .status on an `any` value                          @typescript-eslint/no-unsafe-member-access
  186:52  warning  Unsafe member access .is_exempted on an `any` value                     @typescript-eslint/no-unsafe-member-access
  187:23  warning  Unsafe member access .is_missed on an `any` value                       @typescript-eslint/no-unsafe-member-access
  202:55  warning  Unsafe argument of type `any` assigned to a parameter of type `string`  @typescript-eslint/no-unsafe-argument
  202:66  warning  Unsafe member access .id on an `any` value                              @typescript-eslint/no-unsafe-member-access
  203:21  warning  Unsafe assignment of an `any` value                                     @typescript-eslint/no-unsafe-assignment
  204:26  warning  Unsafe member access .assessment_id on an `any` value                   @typescript-eslint/no-unsafe-member-access
  204:55  warning  Unsafe member access .id on an `any` value                              @typescript-eslint/no-unsafe-member-access
  210:23  warning  Unsafe member access .status on an `any` value                          @typescript-eslint/no-unsafe-member-access
  210:52  warning  Unsafe member access .is_exempted on an `any` value                     @typescript-eslint/no-unsafe-member-access
  213:23  warning  Unsafe member access .is_missed on an `any` value                       @typescript-eslint/no-unsafe-member-access
  219:23  warning  Unsafe assignment of an `any` value                                     @typescript-eslint/no-unsafe-assignment
  220:30  warning  Unsafe member access .grading_mode on an `any` value                    @typescript-eslint/no-unsafe-member-access
  221:35  warning  Unsafe member access .manual_max_score on an `any` value                @typescript-eslint/no-unsafe-member-access
  222:34  warning  Unsafe member access .total_items on an `any` value                     @typescript-eslint/no-unsafe-member-access
  224:34  warning  Unsafe member access .total_items on an `any` value                     @typescript-eslint/no-unsafe-member-access

C:\Users\Windows 10\Desktop\Personal\Studies\Research\EduToolV4\backend\src\modules\grade\dto\grade.dto.ts
  2:30  error  'IsOptional' is defined but never used  @typescript-eslint/no-unused-vars

C:\Users\Windows 10\Desktop\Personal\Studies\Research\EduToolV4\backend\src\modules\grade\educator\grade-educator.service.ts
   21:5   warning  Unsafe assignment of an `any` value                                                     @typescript-eslint/no-unsafe-assignment
   21:13  warning  Unsafe member access .name on an `any` value                                            @typescript-eslint/no-unsafe-member-access
   22:5   warning  Unsafe assignment of an `any` value                                                     @typescript-eslint/no-unsafe-assignment
   22:13  warning  Unsafe member access .type on an `any` value                                            @typescript-eslint/no-unsafe-member-access
   22:21  warning  Unsafe call of an `any` typed value                                                     @typescript-eslint/no-unsafe-call
   22:23  warning  Unsafe member access .name on an `any` value                                            @typescript-eslint/no-unsafe-member-access
   23:5   warning  Unsafe assignment of an `any` value                                                     @typescript-eslint/no-unsafe-assignment
   23:15  warning  Unsafe member access .weight on an `any` value                                          @typescript-eslint/no-unsafe-member-access
   24:5   warning  Unsafe assignment of an `any` value                                                     @typescript-eslint/no-unsafe-assignment
   24:17  warning  Unsafe member access .max_score on an `any` value                                       @typescript-eslint/no-unsafe-member-access
   24:32  warning  Unsafe member access .maxScore on an `any` value                                        @typescript-eslint/no-unsafe-member-access
  132:5   warning  Unsafe return of a value of type `any[]`                                                @typescript-eslint/no-unsafe-return
  159:16  warning  Unsafe member access .overrideId on an `any` value                                      @typescript-eslint/no-unsafe-member-access
  160:16  warning  Unsafe member access .overrideStatus on an `any` value                                  @typescript-eslint/no-unsafe-member-access
  161:16  warning  Unsafe member access .overrideReason on an `any` value                                  @typescript-eslint/no-unsafe-member-access
  162:16  warning  Unsafe member access .overriddenBy on an `any` value                                    @typescript-eslint/no-unsafe-member-access
  163:16  warning  Unsafe member access .overriddenAt on an `any` value                                    @typescript-eslint/no-unsafe-member-access
  166:7   warning  Unsafe return of a value of type `any`                                                  @typescript-eslint/no-unsafe-return
  315:22  warning  Unsafe member access .end_date on an `any` value                                        @typescript-eslint/no-unsafe-member-access
  315:49  warning  Unsafe argument of type `any` assigned to a parameter of type `string | number | Date`  @typescript-eslint/no-unsafe-argument
  315:60  warning  Unsafe member access .end_date on an `any` value                                        @typescript-eslint/no-unsafe-member-access
  319:20  warning  Unsafe member access .is_exempted on an `any` value                                     @typescript-eslint/no-unsafe-member-access
  319:46  warning  Unsafe member access .status on an `any` value                                          @typescript-eslint/no-unsafe-member-access
  321:20  warning  Unsafe member access .is_missed on an `any` value                                       @typescript-eslint/no-unsafe-member-access
  323:18  warning  Unsafe member access .status on an `any` value                                          @typescript-eslint/no-unsafe-member-access
  324:18  warning  Unsafe member access .status on an `any` value                                          @typescript-eslint/no-unsafe-member-access
  325:18  warning  Unsafe member access .score on an `any` value                                           @typescript-eslint/no-unsafe-member-access
  326:18  warning  Unsafe member access .manual_score on an `any` value                                    @typescript-eslint/no-unsafe-member-access
  327:18  warning  Unsafe member access .manual_section_score on an `any` value                            @typescript-eslint/no-unsafe-member-access
  328:18  warning  Unsafe member access .system_section_score on an `any` value                            @typescript-eslint/no-unsafe-member-access
  382:5   warning  Unsafe return of a value of type `any[]`                                                @typescript-eslint/no-unsafe-return
  481:21  warning  Unsafe member access .student_id on an `any` value                                      @typescript-eslint/no-unsafe-member-access
  520:64  warning  Unsafe return of a value of type `any`                                                  @typescript-eslint/no-unsafe-return
  520:66  warning  Unsafe member access .student_id on an `any` value                                      @typescript-eslint/no-unsafe-member-access
  552:23  warning  Unsafe member access .student_id on an `any` value                                      @typescript-eslint/no-unsafe-member-access
  555:23  warning  Unsafe member access .student_id on an `any` value                                      @typescript-eslint/no-unsafe-member-access
  564:9   warning  Unsafe argument of type `any` assigned to a parameter of type `string`                  @typescript-eslint/no-unsafe-argument
  578:9   warning  Unsafe assignment of an `any` value                                                     @typescript-eslint/no-unsafe-assignment
  659:9   warning  Unsafe assignment of an `any` value                                                     @typescript-eslint/no-unsafe-assignment
  660:22  warning  Unsafe member access .release_date on an `any` value                                    @typescript-eslint/no-unsafe-member-access
  660:49  warning  Unsafe member access .created_at on an `any` value                                      @typescript-eslint/no-unsafe-member-access
  662:52  warning  Unsafe member access .id on an `any` value                                              @typescript-eslint/no-unsafe-member-access
  663:9   warning  Unsafe assignment of an `any` value                                                     @typescript-eslint/no-unsafe-assignment
  663:41  warning  Unsafe member access .deleted_at on an `any` value                                      @typescript-eslint/no-unsafe-member-access
  665:19  warning  Unsafe argument of type `any` assigned to a parameter of type `string`                  @typescript-eslint/no-unsafe-argument
  665:30  warning  Unsafe member access .id on an `any` value                                              @typescript-eslint/no-unsafe-member-access
  666:57  warning  Unsafe argument of type `any` assigned to a parameter of type `string`                  @typescript-eslint/no-unsafe-argument
  666:68  warning  Unsafe member access .id on an `any` value                                              @typescript-eslint/no-unsafe-member-access
  680:11  warning  Unsafe assignment of an `any` value                                                     @typescript-eslint/no-unsafe-assignment
  680:42  warning  Unsafe call of an `any` typed value                                                     @typescript-eslint/no-unsafe-call
  680:46  warning  Unsafe member access .enrollments on an `any` value                                     @typescript-eslint/no-unsafe-member-access
  681:19  warning  Unsafe return of a value of type `any`                                                  @typescript-eslint/no-unsafe-return
  681:21  warning  Unsafe member access .student_id on an `any` value                                      @typescript-eslint/no-unsafe-member-access
  716:23  warning  Unsafe member access .student_id on an `any` value                                      @typescript-eslint/no-unsafe-member-access
  719:23  warning  Unsafe member access .student_id on an `any` value                                      @typescript-eslint/no-unsafe-member-access
  723:37  warning  Unsafe return of a value of type `any`                                                  @typescript-eslint/no-unsafe-return
  723:39  warning  Unsafe member access .assessment_id on an `any` value                                   @typescript-eslint/no-unsafe-member-access
  727:9   warning  Unsafe assignment of an `any` value                                                     @typescript-eslint/no-unsafe-assignment
  727:25  warning  Unsafe member access .assessment_id on an `any` value                                   @typescript-eslint/no-unsafe-member-access
  728:9   warning  Unsafe assignment of an `any` value                                                     @typescript-eslint/no-unsafe-assignment
  728:25  warning  Unsafe member access .id on an `any` value                                              @typescript-eslint/no-unsafe-member-access
  729:9   warning  Unsafe assignment of an `any` value                                                     @typescript-eslint/no-unsafe-assignment
  729:17  warning  Unsafe member access .assessment on an `any` value                                      @typescript-eslint/no-unsafe-member-access
  730:9   warning  Unsafe assignment of an `any` value                                                     @typescript-eslint/no-unsafe-assignment
  730:18  warning  Unsafe member access .assessment on an `any` value                                      @typescript-eslint/no-unsafe-member-access
  731:9   warning  Unsafe assignment of an `any` value                                                     @typescript-eslint/no-unsafe-assignment
  731:18  warning  Unsafe member access .score on an `any` value                                           @typescript-eslint/no-unsafe-member-access
  732:9   warning  Unsafe assignment of an `any` value                                                     @typescript-eslint/no-unsafe-assignment
  732:24  warning  Unsafe member access .manual_score on an `any` value                                    @typescript-eslint/no-unsafe-member-access
  733:9   warning  Unsafe assignment of an `any` value                                                     @typescript-eslint/no-unsafe-assignment
  733:23  warning  Unsafe member access .assessment on an `any` value                                      @typescript-eslint/no-unsafe-member-access
  734:9   warning  Unsafe assignment of an `any` value                                                     @typescript-eslint/no-unsafe-assignment
  734:19  warning  Unsafe member access .status on an `any` value                                          @typescript-eslint/no-unsafe-member-access
  735:9   warning  Unsafe assignment of an `any` value                                                     @typescript-eslint/no-unsafe-assignment
  735:24  warning  Unsafe member access .assessment on an `any` value                                      @typescript-eslint/no-unsafe-member-access
  736:9   warning  Unsafe assignment of an `any` value                                                     @typescript-eslint/no-unsafe-assignment
  736:31  warning  Unsafe member access .system_section_score on an `any` value                            @typescript-eslint/no-unsafe-member-access
  737:9   warning  Unsafe assignment of an `any` value                                                     @typescript-eslint/no-unsafe-assignment
  737:31  warning  Unsafe member access .manual_section_score on an `any` value                            @typescript-eslint/no-unsafe-member-access
  738:9   warning  Unsafe assignment of an `any` value                                                     @typescript-eslint/no-unsafe-assignment
  738:21  warning  Unsafe member access .is_missed on an `any` value                                       @typescript-eslint/no-unsafe-member-access
  739:9   warning  Unsafe assignment of an `any` value                                                     @typescript-eslint/no-unsafe-assignment
  739:23  warning  Unsafe member access .is_exempted on an `any` value                                     @typescript-eslint/no-unsafe-member-access
  740:9   warning  Unsafe assignment of an `any` value                                                     @typescript-eslint/no-unsafe-assignment
  740:23  warning  Unsafe member access .assessment on an `any` value                                      @typescript-eslint/no-unsafe-member-access
  773:20  warning  Unsafe member access .included on an `any` value                                        @typescript-eslint/no-unsafe-member-access
  774:11  warning  Unsafe argument of type `any` assigned to a parameter of type `string`                  @typescript-eslint/no-unsafe-argument
  774:22  warning  Unsafe member access .assessmentId on an `any` value                                    @typescript-eslint/no-unsafe-member-access
  776:20  warning  Unsafe member access .inclusionReason on an `any` value                                 @typescript-eslint/no-unsafe-member-access
  777:23  warning  Unsafe argument of type `any` assigned to a parameter of type `string`                  @typescript-eslint/no-unsafe-argument
  777:34  warning  Unsafe member access .assessmentId on an `any` value                                    @typescript-eslint/no-unsafe-member-access
  781:13  warning  Unsafe assignment of an `any` value                                                     @typescript-eslint/no-unsafe-assignment
  783:11  warning  Unsafe return of a value of type `any`                                                  @typescript-eslint/no-unsafe-return
  784:49  warning  Unsafe call of an `any` typed value                                                     @typescript-eslint/no-unsafe-call
  784:58  warning  Unsafe member access .toLowerCase on an `any` value                                     @typescript-eslint/no-unsafe-member-access
  800:9   warning  Unsafe return of a value of type `any`                                                  @typescript-eslint/no-unsafe-return
  808:9   warning  Unsafe argument of type `any` assigned to a parameter of type `number`                  @typescript-eslint/no-unsafe-argument
  833:54  warning  Unsafe argument of type `any` assigned to a parameter of type `string`                  @typescript-eslint/no-unsafe-argument
  833:58  warning  Unsafe member access .subject_id on an `any` value                                      @typescript-eslint/no-unsafe-member-access
  838:52  warning  Unsafe argument of type `any` assigned to a parameter of type `string`                  @typescript-eslint/no-unsafe-argument
  838:56  warning  Unsafe member access .school_year_id on an `any` value                                  @typescript-eslint/no-unsafe-member-access

C:\Users\Windows 10\Desktop\Personal\Studies\Research\EduToolV4\backend\src\modules\grade\grade.repository.ts
  155:58  warning  Unsafe return of a value of type `any`              @typescript-eslint/no-unsafe-return
  155:60  warning  Unsafe member access .student_id on an `any` value  @typescript-eslint/no-unsafe-member-access
  601:9   warning  Unsafe assignment of an `any` value                 @typescript-eslint/no-unsafe-assignment

C:\Users\Windows 10\Desktop\Personal\Studies\Research\EduToolV4\backend\src\modules\grade\grade.service.ts
   31:5   warning  Unsafe assignment of an `any` value                                     @typescript-eslint/no-unsafe-assignment
   31:13  warning  Unsafe member access .name on an `any` value                            @typescript-eslint/no-unsafe-member-access
   32:5   warning  Unsafe assignment of an `any` value                                     @typescript-eslint/no-unsafe-assignment
   32:13  warning  Unsafe member access .type on an `any` value                            @typescript-eslint/no-unsafe-member-access
   32:21  warning  Unsafe call of an `any` typed value                                     @typescript-eslint/no-unsafe-call
   32:23  warning  Unsafe member access .name on an `any` value                            @typescript-eslint/no-unsafe-member-access
   33:5   warning  Unsafe assignment of an `any` value                                     @typescript-eslint/no-unsafe-assignment
   33:15  warning  Unsafe member access .weight on an `any` value                          @typescript-eslint/no-unsafe-member-access
   34:5   warning  Unsafe assignment of an `any` value                                     @typescript-eslint/no-unsafe-assignment
   34:17  warning  Unsafe member access .max_score on an `any` value                       @typescript-eslint/no-unsafe-member-access
   34:32  warning  Unsafe member access .maxScore on an `any` value                        @typescript-eslint/no-unsafe-member-access
   35:5   warning  Unsafe assignment of an `any` value                                     @typescript-eslint/no-unsafe-assignment
   35:20  warning  Unsafe member access .is_optional on an `any` value                     @typescript-eslint/no-unsafe-member-access
   95:5   warning  Unsafe return of a value of type `any[]`                                @typescript-eslint/no-unsafe-return
  249:11  warning  Unsafe assignment of an `any` value                                     @typescript-eslint/no-unsafe-assignment
  249:42  warning  Unsafe call of an `any` typed value                                     @typescript-eslint/no-unsafe-call
  249:46  warning  Unsafe member access .enrollments on an `any` value                     @typescript-eslint/no-unsafe-member-access
  250:19  warning  Unsafe return of a value of type `any`                                  @typescript-eslint/no-unsafe-return
  250:21  warning  Unsafe member access .student_id on an `any` value                      @typescript-eslint/no-unsafe-member-access
  287:15  warning  Unsafe assignment of an `any` value                                     @typescript-eslint/no-unsafe-assignment
  292:11  warning  Unsafe assignment of an `any` value                                     @typescript-eslint/no-unsafe-assignment
  292:21  warning  Unsafe member access .score on an `any` value                           @typescript-eslint/no-unsafe-member-access
  293:11  warning  Unsafe assignment of an `any` value                                     @typescript-eslint/no-unsafe-assignment
  293:27  warning  Unsafe member access .manual_score on an `any` value                    @typescript-eslint/no-unsafe-member-access
  295:11  warning  Unsafe assignment of an `any` value                                     @typescript-eslint/no-unsafe-assignment
  295:22  warning  Unsafe member access .status on an `any` value                          @typescript-eslint/no-unsafe-member-access
  296:11  warning  Unsafe assignment of an `any` value                                     @typescript-eslint/no-unsafe-assignment
  296:24  warning  Unsafe member access .is_missed on an `any` value                       @typescript-eslint/no-unsafe-member-access
  297:11  warning  Unsafe assignment of an `any` value                                     @typescript-eslint/no-unsafe-assignment
  297:26  warning  Unsafe member access .is_exempted on an `any` value                     @typescript-eslint/no-unsafe-member-access
  299:11  warning  Unsafe assignment of an `any` value                                     @typescript-eslint/no-unsafe-assignment
  299:28  warning  Unsafe member access .id on an `any` value                              @typescript-eslint/no-unsafe-member-access
  359:15  warning  Unsafe assignment of an `any` value                                     @typescript-eslint/no-unsafe-assignment
  360:18  warning  Unsafe call of an `any` typed value                                     @typescript-eslint/no-unsafe-call
  360:20  warning  Unsafe member access .category on an `any` value                        @typescript-eslint/no-unsafe-member-access
  363:40  warning  Unsafe member access .score on an `any` value                           @typescript-eslint/no-unsafe-member-access
  369:15  warning  Unsafe member access .assessment on an `any` value                      @typescript-eslint/no-unsafe-member-access
  370:16  warning  Unsafe member access .is_exempted on an `any` value                     @typescript-eslint/no-unsafe-member-access
  371:15  warning  Unsafe member access .status on an `any` value                          @typescript-eslint/no-unsafe-member-access
  376:17  warning  Unsafe member access .assessment on an `any` value                      @typescript-eslint/no-unsafe-member-access
  377:18  warning  Unsafe member access .is_exempted on an `any` value                     @typescript-eslint/no-unsafe-member-access
  377:35  warning  Unsafe member access .status on an `any` value                          @typescript-eslint/no-unsafe-member-access
  384:17  warning  Unsafe assignment of an `any` value                                     @typescript-eslint/no-unsafe-assignment
  384:30  warning  Unsafe member access .manual_score on an `any` value                    @typescript-eslint/no-unsafe-member-access
  384:48  warning  Unsafe member access .score on an `any` value                           @typescript-eslint/no-unsafe-member-access
  385:17  warning  Unsafe assignment of an `any` value                                     @typescript-eslint/no-unsafe-assignment
  385:32  warning  Unsafe member access .assessment on an `any` value                      @typescript-eslint/no-unsafe-member-access
  411:15  warning  Unsafe assignment of an `any` value                                     @typescript-eslint/no-unsafe-assignment
  412:18  warning  Unsafe call of an `any` typed value                                     @typescript-eslint/no-unsafe-call
  412:20  warning  Unsafe member access .category on an `any` value                        @typescript-eslint/no-unsafe-member-access
  414:9   warning  Unsafe assignment of an `any` value                                     @typescript-eslint/no-unsafe-assignment
  414:31  warning  Unsafe member access .score on an `any` value                           @typescript-eslint/no-unsafe-member-access
  422:20  warning  Unsafe member access .assessment on an `any` value                      @typescript-eslint/no-unsafe-member-access
  426:21  warning  Unsafe member access .is_exempted on an `any` value                     @typescript-eslint/no-unsafe-member-access
  426:38  warning  Unsafe member access .status on an `any` value                          @typescript-eslint/no-unsafe-member-access
  432:19  warning  Unsafe assignment of an `any` value                                     @typescript-eslint/no-unsafe-assignment
  432:32  warning  Unsafe member access .manual_score on an `any` value                    @typescript-eslint/no-unsafe-member-access
  432:50  warning  Unsafe member access .score on an `any` value                           @typescript-eslint/no-unsafe-member-access
  433:22  warning  Unsafe member access .assessment on an `any` value                      @typescript-eslint/no-unsafe-member-access
  434:31  warning  Unsafe member access .assessment on an `any` value                      @typescript-eslint/no-unsafe-member-access
  474:54  warning  Unsafe argument of type `any` assigned to a parameter of type `string`  @typescript-eslint/no-unsafe-argument
  474:58  warning  Unsafe member access .subject_id on an `any` value                      @typescript-eslint/no-unsafe-member-access
  479:52  warning  Unsafe argument of type `any` assigned to a parameter of type `string`  @typescript-eslint/no-unsafe-argument
  479:56  warning  Unsafe member access .school_year_id on an `any` value                  @typescript-eslint/no-unsafe-member-access

C:\Users\Windows 10\Desktop\Personal\Studies\Research\EduToolV4\backend\src\modules\grade\student\grade-student.service.ts
  12:5   warning  Unsafe assignment of an `any` value                @typescript-eslint/no-unsafe-assignment
  12:13  warning  Unsafe member access .name on an `any` value       @typescript-eslint/no-unsafe-member-access
  13:5   warning  Unsafe assignment of an `any` value                @typescript-eslint/no-unsafe-assignment
  13:13  warning  Unsafe member access .type on an `any` value       @typescript-eslint/no-unsafe-member-access
  13:21  warning  Unsafe call of an `any` typed value                @typescript-eslint/no-unsafe-call
  13:23  warning  Unsafe member access .name on an `any` value       @typescript-eslint/no-unsafe-member-access
  14:5   warning  Unsafe assignment of an `any` value                @typescript-eslint/no-unsafe-assignment
  14:15  warning  Unsafe member access .weight on an `any` value     @typescript-eslint/no-unsafe-member-access
  15:5   warning  Unsafe assignment of an `any` value                @typescript-eslint/no-unsafe-assignment
  15:17  warning  Unsafe member access .max_score on an `any` value  @typescript-eslint/no-unsafe-member-access
  15:32  warning  Unsafe member access .maxScore on an `any` value   @typescript-eslint/no-unsafe-member-access

C:\Users\Windows 10\Desktop\Personal\Studies\Research\EduToolV4\backend\src\modules\grading-scheme-template\grading-scheme-template.repository.ts
   14:5   warning  Unsafe assignment of an `any` value                   @typescript-eslint/no-unsafe-assignment
   14:11  warning  Unsafe member access .id on an `any` value            @typescript-eslint/no-unsafe-member-access
   15:5   warning  Unsafe assignment of an `any` value                   @typescript-eslint/no-unsafe-assignment
   15:14  warning  Unsafe member access .org_id on an `any` value        @typescript-eslint/no-unsafe-member-access
   16:5   warning  Unsafe assignment of an `any` value                   @typescript-eslint/no-unsafe-assignment
   16:19  warning  Unsafe member access .template_id on an `any` value   @typescript-eslint/no-unsafe-member-access
   17:5   warning  Unsafe assignment of an `any` value                   @typescript-eslint/no-unsafe-assignment
   17:13  warning  Unsafe member access .name on an `any` value          @typescript-eslint/no-unsafe-member-access
   18:5   warning  Unsafe assignment of an `any` value                   @typescript-eslint/no-unsafe-assignment
   18:13  warning  Unsafe member access .type on an `any` value          @typescript-eslint/no-unsafe-member-access
   19:5   warning  Unsafe assignment of an `any` value                   @typescript-eslint/no-unsafe-assignment
   19:15  warning  Unsafe member access .weight on an `any` value        @typescript-eslint/no-unsafe-member-access
   20:5   warning  Unsafe assignment of an `any` value                   @typescript-eslint/no-unsafe-assignment
   20:17  warning  Unsafe member access .max_score on an `any` value     @typescript-eslint/no-unsafe-member-access
   26:5   warning  Unsafe assignment of an `any` value                   @typescript-eslint/no-unsafe-assignment
   26:11  warning  Unsafe member access .id on an `any` value            @typescript-eslint/no-unsafe-member-access
   27:5   warning  Unsafe assignment of an `any` value                   @typescript-eslint/no-unsafe-assignment
   27:14  warning  Unsafe member access .org_id on an `any` value        @typescript-eslint/no-unsafe-member-access
   28:5   warning  Unsafe assignment of an `any` value                   @typescript-eslint/no-unsafe-assignment
   28:13  warning  Unsafe member access .name on an `any` value          @typescript-eslint/no-unsafe-member-access
   29:5   warning  Unsafe assignment of an `any` value                   @typescript-eslint/no-unsafe-assignment
   29:20  warning  Unsafe member access .program_type on an `any` value  @typescript-eslint/no-unsafe-member-access
   30:5   warning  Unsafe assignment of an `any` value                   @typescript-eslint/no-unsafe-assignment
   30:18  warning  Unsafe member access .created_at on an `any` value    @typescript-eslint/no-unsafe-member-access
   31:5   warning  Unsafe assignment of an `any` value                   @typescript-eslint/no-unsafe-assignment
   31:17  warning  Unsafe call of an `any` typed value                   @typescript-eslint/no-unsafe-call
   31:19  warning  Unsafe member access .components on an `any` value    @typescript-eslint/no-unsafe-member-access
  154:28  error    'orgId' is defined but never used                     @typescript-eslint/no-unused-vars

C:\Users\Windows 10\Desktop\Personal\Studies\Research\EduToolV4\backend\src\modules\grading-scheme-template\grading-scheme-template.service.ts
  153:7   warning  Unsafe assignment of an `any` value                                                          @typescript-eslint/no-unsafe-assignment
  154:7   warning  Unsafe assignment of an `any` value                                                          @typescript-eslint/no-unsafe-assignment
  334:7   warning  Unsafe argument of type `any` assigned to a parameter of type `string | undefined`           @typescript-eslint/no-unsafe-argument
  335:7   warning  Unsafe argument of type `any` assigned to a parameter of type `string`                       @typescript-eslint/no-unsafe-argument
  336:7   warning  Unsafe argument of type `any` assigned to a parameter of type `GradingSchemeComponentDto[]`  @typescript-eslint/no-unsafe-argument
  336:7   warning  Unsafe call of an `any` typed value                                                          @typescript-eslint/no-unsafe-call
  336:27  warning  Unsafe member access .map on an `any` value                                                  @typescript-eslint/no-unsafe-member-access
  337:9   warning  Unsafe assignment of an `any` value                                                          @typescript-eslint/no-unsafe-assignment
  337:17  warning  Unsafe member access .name on an `any` value                                                 @typescript-eslint/no-unsafe-member-access
  338:9   warning  Unsafe assignment of an `any` value                                                          @typescript-eslint/no-unsafe-assignment
  338:17  warning  Unsafe member access .type on an `any` value                                                 @typescript-eslint/no-unsafe-member-access
  339:9   warning  Unsafe assignment of an `any` value                                                          @typescript-eslint/no-unsafe-assignment
  339:19  warning  Unsafe member access .weight on an `any` value                                               @typescript-eslint/no-unsafe-member-access
  340:9   warning  Unsafe assignment of an `any` value                                                          @typescript-eslint/no-unsafe-assignment
  340:21  warning  Unsafe member access .maxScore on an `any` value                                             @typescript-eslint/no-unsafe-member-access
  367:7   warning  Unsafe argument of type `any` assigned to a parameter of type `string`                       @typescript-eslint/no-unsafe-argument
  368:7   warning  Unsafe argument of type `any` assigned to a parameter of type `GradingSchemeComponentDto[]`  @typescript-eslint/no-unsafe-argument
  368:7   warning  Unsafe call of an `any` typed value                                                          @typescript-eslint/no-unsafe-call
  368:27  warning  Unsafe member access .map on an `any` value                                                  @typescript-eslint/no-unsafe-member-access
  369:9   warning  Unsafe assignment of an `any` value                                                          @typescript-eslint/no-unsafe-assignment
  369:17  warning  Unsafe member access .name on an `any` value                                                 @typescript-eslint/no-unsafe-member-access
  370:9   warning  Unsafe assignment of an `any` value                                                          @typescript-eslint/no-unsafe-assignment
  370:17  warning  Unsafe member access .type on an `any` value                                                 @typescript-eslint/no-unsafe-member-access
  371:9   warning  Unsafe assignment of an `any` value                                                          @typescript-eslint/no-unsafe-assignment
  371:19  warning  Unsafe member access .weight on an `any` value                                               @typescript-eslint/no-unsafe-member-access
  372:9   warning  Unsafe assignment of an `any` value                                                          @typescript-eslint/no-unsafe-assignment
  372:21  warning  Unsafe member access .maxScore on an `any` value                                             @typescript-eslint/no-unsafe-member-access
  413:11  warning  Unsafe argument of type `any` assigned to a parameter of type `string`                       @typescript-eslint/no-unsafe-argument
  414:11  warning  Unsafe argument of type `any` assigned to a parameter of type `GradingSchemeComponentDto[]`  @typescript-eslint/no-unsafe-argument
  414:11  warning  Unsafe call of an `any` typed value                                                          @typescript-eslint/no-unsafe-call
  414:31  warning  Unsafe member access .map on an `any` value                                                  @typescript-eslint/no-unsafe-member-access
  415:13  warning  Unsafe assignment of an `any` value                                                          @typescript-eslint/no-unsafe-assignment
  415:21  warning  Unsafe member access .name on an `any` value                                                 @typescript-eslint/no-unsafe-member-access
  416:13  warning  Unsafe assignment of an `any` value                                                          @typescript-eslint/no-unsafe-assignment
  416:21  warning  Unsafe member access .type on an `any` value                                                 @typescript-eslint/no-unsafe-member-access
  417:13  warning  Unsafe assignment of an `any` value                                                          @typescript-eslint/no-unsafe-assignment
  417:23  warning  Unsafe member access .weight on an `any` value                                               @typescript-eslint/no-unsafe-member-access
  418:13  warning  Unsafe assignment of an `any` value                                                          @typescript-eslint/no-unsafe-assignment
  418:25  warning  Unsafe member access .maxScore on an `any` value                                             @typescript-eslint/no-unsafe-member-access

C:\Users\Windows 10\Desktop\Personal\Studies\Research\EduToolV4\backend\src\modules\grading-scheme\grading-scheme.repository.ts
   13:5   warning  Unsafe assignment of an `any` value                                     @typescript-eslint/no-unsafe-assignment
   13:11  warning  Unsafe member access .id on an `any` value                              @typescript-eslint/no-unsafe-member-access
   14:5   warning  Unsafe assignment of an `any` value                                     @typescript-eslint/no-unsafe-assignment
   14:14  warning  Unsafe member access .org_id on an `any` value                          @typescript-eslint/no-unsafe-member-access
   15:5   warning  Unsafe assignment of an `any` value                                     @typescript-eslint/no-unsafe-assignment
   15:24  warning  Unsafe member access .grading_scheme_id on an `any` value               @typescript-eslint/no-unsafe-member-access
   16:5   warning  Unsafe assignment of an `any` value                                     @typescript-eslint/no-unsafe-assignment
   16:13  warning  Unsafe member access .name on an `any` value                            @typescript-eslint/no-unsafe-member-access
   17:5   warning  Unsafe assignment of an `any` value                                     @typescript-eslint/no-unsafe-assignment
   17:13  warning  Unsafe member access .type on an `any` value                            @typescript-eslint/no-unsafe-member-access
   18:5   warning  Unsafe assignment of an `any` value                                     @typescript-eslint/no-unsafe-assignment
   18:15  warning  Unsafe member access .weight on an `any` value                          @typescript-eslint/no-unsafe-member-access
   19:5   warning  Unsafe assignment of an `any` value                                     @typescript-eslint/no-unsafe-assignment
   19:17  warning  Unsafe member access .max_score on an `any` value                       @typescript-eslint/no-unsafe-member-access
   20:5   warning  Unsafe assignment of an `any` value                                     @typescript-eslint/no-unsafe-assignment
   20:19  warning  Unsafe member access .is_optional on an `any` value                     @typescript-eslint/no-unsafe-member-access
   21:5   warning  Unsafe assignment of an `any` value                                     @typescript-eslint/no-unsafe-assignment
   21:18  warning  Unsafe member access .created_at on an `any` value                      @typescript-eslint/no-unsafe-member-access
   27:5   warning  Unsafe assignment of an `any` value                                     @typescript-eslint/no-unsafe-assignment
   27:11  warning  Unsafe member access .id on an `any` value                              @typescript-eslint/no-unsafe-member-access
   28:5   warning  Unsafe assignment of an `any` value                                     @typescript-eslint/no-unsafe-assignment
   28:14  warning  Unsafe member access .org_id on an `any` value                          @typescript-eslint/no-unsafe-member-access
   29:5   warning  Unsafe assignment of an `any` value                                     @typescript-eslint/no-unsafe-assignment
   29:16  warning  Unsafe member access .class_id on an `any` value                        @typescript-eslint/no-unsafe-member-access
   30:5   warning  Unsafe assignment of an `any` value                                     @typescript-eslint/no-unsafe-assignment
   30:19  warning  Unsafe member access .template_id on an `any` value                     @typescript-eslint/no-unsafe-member-access
   31:5   warning  Unsafe assignment of an `any` value                                     @typescript-eslint/no-unsafe-assignment
   31:13  warning  Unsafe member access .name on an `any` value                            @typescript-eslint/no-unsafe-member-access
   32:5   warning  Unsafe assignment of an `any` value                                     @typescript-eslint/no-unsafe-assignment
   32:17  warning  Unsafe member access .is_locked on an `any` value                       @typescript-eslint/no-unsafe-member-access
   33:5   warning  Unsafe assignment of an `any` value                                     @typescript-eslint/no-unsafe-assignment
   33:17  warning  Unsafe member access .locked_at on an `any` value                       @typescript-eslint/no-unsafe-member-access
   34:5   warning  Unsafe assignment of an `any` value                                     @typescript-eslint/no-unsafe-assignment
   34:18  warning  Unsafe member access .created_at on an `any` value                      @typescript-eslint/no-unsafe-member-access
   35:5   warning  Unsafe assignment of an `any` value                                     @typescript-eslint/no-unsafe-assignment
   35:17  warning  Unsafe call of an `any` typed value                                     @typescript-eslint/no-unsafe-call
   35:19  warning  Unsafe member access .components on an `any` value                      @typescript-eslint/no-unsafe-member-access
  150:26  warning  Unsafe argument of type `any` assigned to a parameter of type `string`  @typescript-eslint/no-unsafe-argument

C:\Users\Windows 10\Desktop\Personal\Studies\Research\EduToolV4\backend\src\modules\grading-scheme\grading-scheme.service.ts
   89:11  warning  Unsafe assignment of an `any` value                                     @typescript-eslint/no-unsafe-assignment
   89:53  warning  Unsafe call of an `any` typed value                                     @typescript-eslint/no-unsafe-call
   89:73  warning  Unsafe member access .map on an `any` value                             @typescript-eslint/no-unsafe-member-access
   91:9   warning  Unsafe assignment of an `any` value                                     @typescript-eslint/no-unsafe-assignment
   91:17  warning  Unsafe member access .name on an `any` value                            @typescript-eslint/no-unsafe-member-access
   92:9   warning  Unsafe assignment of an `any` value                                     @typescript-eslint/no-unsafe-assignment
   92:17  warning  Unsafe member access .type on an `any` value                            @typescript-eslint/no-unsafe-member-access
   93:9   warning  Unsafe assignment of an `any` value                                     @typescript-eslint/no-unsafe-assignment
   93:19  warning  Unsafe member access .weight on an `any` value                          @typescript-eslint/no-unsafe-member-access
   94:9   warning  Unsafe assignment of an `any` value                                     @typescript-eslint/no-unsafe-assignment
   94:21  warning  Unsafe member access .maxScore on an `any` value                        @typescript-eslint/no-unsafe-member-access
  104:7   warning  Unsafe argument of type `any` assigned to a parameter of type `string`  @typescript-eslint/no-unsafe-argument
  121:11  warning  Unsafe assignment of an `any` value                                     @typescript-eslint/no-unsafe-assignment
  121:53  warning  Unsafe call of an `any` typed value                                     @typescript-eslint/no-unsafe-call
  121:73  warning  Unsafe member access .map on an `any` value                             @typescript-eslint/no-unsafe-member-access
  123:9   warning  Unsafe assignment of an `any` value                                     @typescript-eslint/no-unsafe-assignment
  123:17  warning  Unsafe member access .name on an `any` value                            @typescript-eslint/no-unsafe-member-access
  124:9   warning  Unsafe assignment of an `any` value                                     @typescript-eslint/no-unsafe-assignment
  124:17  warning  Unsafe member access .type on an `any` value                            @typescript-eslint/no-unsafe-member-access
  125:9   warning  Unsafe assignment of an `any` value                                     @typescript-eslint/no-unsafe-assignment
  125:19  warning  Unsafe member access .weight on an `any` value                          @typescript-eslint/no-unsafe-member-access
  126:9   warning  Unsafe assignment of an `any` value                                     @typescript-eslint/no-unsafe-assignment
  126:21  warning  Unsafe member access .maxScore on an `any` value                        @typescript-eslint/no-unsafe-member-access
  138:11  warning  Unsafe argument of type `any` assigned to a parameter of type `string`  @typescript-eslint/no-unsafe-argument
  160:5   warning  Unsafe return of a value of type `any`                                  @typescript-eslint/no-unsafe-return
  160:12  warning  Unsafe call of an `any` typed value                                     @typescript-eslint/no-unsafe-call
  160:30  warning  Unsafe member access .map on an `any` value                             @typescript-eslint/no-unsafe-member-access
  160:41  warning  Unsafe return of a value of type `any`                                  @typescript-eslint/no-unsafe-return
  160:43  warning  Unsafe member access .type on an `any` value                            @typescript-eslint/no-unsafe-member-access

C:\Users\Windows 10\Desktop\Personal\Studies\Research\EduToolV4\backend\src\modules\groupy\groupy.controller.ts
  100:59  warning  Unsafe argument of type `any` assigned to a parameter of type `CurrentUser`  @typescript-eslint/no-unsafe-argument
  160:58  warning  Unsafe argument of type `any` assigned to a parameter of type `CurrentUser`  @typescript-eslint/no-unsafe-argument
  210:7   warning  Unsafe argument of type `any` assigned to a parameter of type `CurrentUser`  @typescript-eslint/no-unsafe-argument

C:\Users\Windows 10\Desktop\Personal\Studies\Research\EduToolV4\backend\src\modules\groupy\groupy.gateway.ts
   6:3   error    'ConnectedSocket' is defined but never used                             @typescript-eslint/no-unused-vars
  77:19  warning  Unsafe member access .auth on an `any` value                            @typescript-eslint/no-unsafe-member-access
  78:19  warning  Unsafe member access .classId on an `any` value                         @typescript-eslint/no-unsafe-member-access
  79:19  warning  Unsafe member access .name on an `any` value                            @typescript-eslint/no-unsafe-member-access
  94:11  warning  Unsafe assignment of an `any` value                                     @typescript-eslint/no-unsafe-assignment
  94:34  warning  Unsafe member access .classId on an `any` value                         @typescript-eslint/no-unsafe-member-access
  96:38  warning  Unsafe argument of type `any` assigned to a parameter of type `string`  @typescript-eslint/no-unsafe-argument

C:\Users\Windows 10\Desktop\Personal\Studies\Research\EduToolV4\backend\src\modules\groupy\groupy.repository.ts
  1:22  error  'NotFoundException' is defined but never used  @typescript-eslint/no-unused-vars

C:\Users\Windows 10\Desktop\Personal\Studies\Research\EduToolV4\backend\src\modules\groupy\groupy.service.ts
  100:11  warning  Unsafe assignment of an `any` value  @typescript-eslint/no-unsafe-assignment
  134:7   warning  Unsafe assignment of an `any` value  @typescript-eslint/no-unsafe-assignment
  202:7   warning  Unsafe assignment of an `any` value  @typescript-eslint/no-unsafe-assignment
  251:7   warning  Unsafe assignment of an `any` value  @typescript-eslint/no-unsafe-assignment
  258:7   warning  Unsafe assignment of an `any` value  @typescript-eslint/no-unsafe-assignment
  311:7   warning  Unsafe assignment of an `any` value  @typescript-eslint/no-unsafe-assignment

C:\Users\Windows 10\Desktop\Personal\Studies\Research\EduToolV4\backend\src\modules\lesson\lesson-week-structure.service.ts
   63:42  warning  Unsafe member access .termDates on an `any` value                                       @typescript-eslint/no-unsafe-member-access
   64:24  warning  Unsafe argument of type `any` assigned to a parameter of type `string`                  @typescript-eslint/no-unsafe-argument
   64:27  warning  Unsafe member access .term_id on an `any` value                                         @typescript-eslint/no-unsafe-member-access
   65:25  warning  Unsafe argument of type `any` assigned to a parameter of type `string | number | Date`  @typescript-eslint/no-unsafe-argument
   65:28  warning  Unsafe member access .start_date on an `any` value                                      @typescript-eslint/no-unsafe-member-access
   66:23  warning  Unsafe argument of type `any` assigned to a parameter of type `string | number | Date`  @typescript-eslint/no-unsafe-argument
   66:26  warning  Unsafe member access .end_date on an `any` value                                        @typescript-eslint/no-unsafe-member-access
   73:29  warning  Unsafe member access .order_index on an `any` value                                     @typescript-eslint/no-unsafe-member-access
   73:45  warning  Unsafe member access .order_index on an `any` value                                     @typescript-eslint/no-unsafe-member-access
   96:45  warning  Unsafe argument of type `any` assigned to a parameter of type `string`                  @typescript-eslint/no-unsafe-argument
   96:47  warning  Unsafe member access .id on an `any` value                                              @typescript-eslint/no-unsafe-member-access
  118:31  warning  Unsafe member access .order_index on an `any` value                                     @typescript-eslint/no-unsafe-member-access
  118:47  warning  Unsafe member access .order_index on an `any` value                                     @typescript-eslint/no-unsafe-member-access

C:\Users\Windows 10\Desktop\Personal\Studies\Research\EduToolV4\backend\src\modules\lesson\lesson.service.ts
  239:58  error  '_educatorId' is defined but never used  @typescript-eslint/no-unused-vars

C:\Users\Windows 10\Desktop\Personal\Studies\Research\EduToolV4\backend\src\modules\level\level.repository.ts
  58:5  warning  Unsafe return of a value of type `any[]`  @typescript-eslint/no-unsafe-return

C:\Users\Windows 10\Desktop\Personal\Studies\Research\EduToolV4\backend\src\modules\meeting\meeting.gateway.ts
  139:19  warning  Unsafe member access .auth on an `any` value                                       @typescript-eslint/no-unsafe-member-access
  140:19  warning  Unsafe member access .meetingId on an `any` value                                  @typescript-eslint/no-unsafe-member-access
  141:19  warning  Unsafe member access .name on an `any` value                                       @typescript-eslint/no-unsafe-member-access
  211:11  warning  Unsafe assignment of an `any` value                                                @typescript-eslint/no-unsafe-assignment
  211:36  warning  Unsafe member access .meetingId on an `any` value                                  @typescript-eslint/no-unsafe-member-access
  214:33  warning  Unsafe argument of type `any` assigned to a parameter of type `string`             @typescript-eslint/no-unsafe-argument
  221:22  warning  Unsafe argument of type `any` assigned to a parameter of type `string | string[]`  @typescript-eslint/no-unsafe-argument
  231:25  warning  Unsafe argument of type `any` assigned to a parameter of type `string`             @typescript-eslint/no-unsafe-argument
  234:33  warning  Unsafe member access .auth on an `any` value                                       @typescript-eslint/no-unsafe-member-access
  236:57  warning  Unsafe argument of type `any` assigned to a parameter of type `string`             @typescript-eslint/no-unsafe-argument
  238:45  warning  Unsafe argument of type `any` assigned to a parameter of type `string`             @typescript-eslint/no-unsafe-argument
  251:11  warning  Unsafe assignment of an `any` value                                                @typescript-eslint/no-unsafe-assignment
  251:36  warning  Unsafe member access .meetingId on an `any` value                                  @typescript-eslint/no-unsafe-member-access
  252:11  warning  Unsafe assignment of an `any` value                                                @typescript-eslint/no-unsafe-assignment
  252:44  warning  Unsafe member access .auth on an `any` value                                       @typescript-eslint/no-unsafe-member-access
  262:9   warning  Unsafe assignment of an `any` value                                                @typescript-eslint/no-unsafe-assignment
  264:9   warning  Unsafe assignment of an `any` value                                                @typescript-eslint/no-unsafe-assignment
  264:34  warning  Unsafe member access .name on an `any` value                                       @typescript-eslint/no-unsafe-member-access
  272:7   warning  Unsafe assignment of an `any` value                                                @typescript-eslint/no-unsafe-assignment
  272:31  warning  Unsafe member access .name on an `any` value                                       @typescript-eslint/no-unsafe-member-access
  278:33  warning  Unsafe argument of type `any` assigned to a parameter of type `string`             @typescript-eslint/no-unsafe-argument
  282:20  warning  Unsafe argument of type `any` assigned to a parameter of type `string | string[]`  @typescript-eslint/no-unsafe-argument
  298:11  warning  Unsafe assignment of an `any` value                                                @typescript-eslint/no-unsafe-assignment
  298:36  warning  Unsafe member access .meetingId on an `any` value                                  @typescript-eslint/no-unsafe-member-access
  299:11  warning  Unsafe assignment of an `any` value                                                @typescript-eslint/no-unsafe-assignment
  299:44  warning  Unsafe member access .auth on an `any` value                                       @typescript-eslint/no-unsafe-member-access
  302:33  warning  Unsafe argument of type `any` assigned to a parameter of type `string`             @typescript-eslint/no-unsafe-argument
  308:20  warning  Unsafe argument of type `any` assigned to a parameter of type `string | string[]`  @typescript-eslint/no-unsafe-argument
  310:7   warning  Unsafe assignment of an `any` value                                                @typescript-eslint/no-unsafe-assignment
  310:25  warning  Unsafe member access .name on an `any` value                                       @typescript-eslint/no-unsafe-member-access
  323:11  warning  Unsafe assignment of an `any` value                                                @typescript-eslint/no-unsafe-assignment
  323:36  warning  Unsafe member access .meetingId on an `any` value                                  @typescript-eslint/no-unsafe-member-access
  324:11  warning  Unsafe assignment of an `any` value                                                @typescript-eslint/no-unsafe-assignment
  324:44  warning  Unsafe member access .auth on an `any` value                                       @typescript-eslint/no-unsafe-member-access
  331:20  warning  Unsafe argument of type `any` assigned to a parameter of type `string | string[]`  @typescript-eslint/no-unsafe-argument
  333:7   warning  Unsafe assignment of an `any` value                                                @typescript-eslint/no-unsafe-assignment
  333:25  warning  Unsafe member access .name on an `any` value                                       @typescript-eslint/no-unsafe-member-access
  350:7   warning  Unsafe assignment of an `any` value                                                @typescript-eslint/no-unsafe-assignment
  350:31  warning  Unsafe member access .auth on an `any` value                                       @typescript-eslint/no-unsafe-member-access
  362:7   warning  Unsafe assignment of an `any` value                                                @typescript-eslint/no-unsafe-assignment
  362:31  warning  Unsafe member access .auth on an `any` value                                       @typescript-eslint/no-unsafe-member-access
  374:7   warning  Unsafe assignment of an `any` value                                                @typescript-eslint/no-unsafe-assignment
  374:31  warning  Unsafe member access .auth on an `any` value                                       @typescript-eslint/no-unsafe-member-access
  387:11  warning  Unsafe assignment of an `any` value                                                @typescript-eslint/no-unsafe-assignment
  387:36  warning  Unsafe member access .meetingId on an `any` value                                  @typescript-eslint/no-unsafe-member-access
  388:11  warning  Unsafe assignment of an `any` value                                                @typescript-eslint/no-unsafe-assignment
  388:44  warning  Unsafe member access .auth on an `any` value                                       @typescript-eslint/no-unsafe-member-access
  392:33  warning  Unsafe argument of type `any` assigned to a parameter of type `string`             @typescript-eslint/no-unsafe-argument
  396:20  warning  Unsafe argument of type `any` assigned to a parameter of type `string | string[]`  @typescript-eslint/no-unsafe-argument
  407:11  warning  Unsafe assignment of an `any` value                                                @typescript-eslint/no-unsafe-assignment
  407:36  warning  Unsafe member access .meetingId on an `any` value                                  @typescript-eslint/no-unsafe-member-access
  408:11  warning  Unsafe assignment of an `any` value                                                @typescript-eslint/no-unsafe-assignment
  408:44  warning  Unsafe member access .auth on an `any` value                                       @typescript-eslint/no-unsafe-member-access
  411:33  warning  Unsafe argument of type `any` assigned to a parameter of type `string`             @typescript-eslint/no-unsafe-argument
  416:20  warning  Unsafe argument of type `any` assigned to a parameter of type `string | string[]`  @typescript-eslint/no-unsafe-argument
  425:11  warning  Unsafe assignment of an `any` value                                                @typescript-eslint/no-unsafe-assignment
  425:36  warning  Unsafe member access .meetingId on an `any` value                                  @typescript-eslint/no-unsafe-member-access
  426:11  warning  Unsafe assignment of an `any` value                                                @typescript-eslint/no-unsafe-assignment
  426:44  warning  Unsafe member access .auth on an `any` value                                       @typescript-eslint/no-unsafe-member-access
  429:33  warning  Unsafe argument of type `any` assigned to a parameter of type `string`             @typescript-eslint/no-unsafe-argument
  434:20  warning  Unsafe argument of type `any` assigned to a parameter of type `string | string[]`  @typescript-eslint/no-unsafe-argument
  445:11  warning  Unsafe assignment of an `any` value                                                @typescript-eslint/no-unsafe-assignment
  445:36  warning  Unsafe member access .meetingId on an `any` value                                  @typescript-eslint/no-unsafe-member-access
  446:11  warning  Unsafe assignment of an `any` value                                                @typescript-eslint/no-unsafe-assignment
  446:44  warning  Unsafe member access .auth on an `any` value                                       @typescript-eslint/no-unsafe-member-access
  449:20  warning  Unsafe argument of type `any` assigned to a parameter of type `string | string[]`  @typescript-eslint/no-unsafe-argument
  451:7   warning  Unsafe assignment of an `any` value                                                @typescript-eslint/no-unsafe-assignment
  451:25  warning  Unsafe member access .name on an `any` value                                       @typescript-eslint/no-unsafe-member-access
  458:11  warning  Unsafe assignment of an `any` value                                                @typescript-eslint/no-unsafe-assignment
  458:36  warning  Unsafe member access .meetingId on an `any` value                                  @typescript-eslint/no-unsafe-member-access
  459:11  warning  Unsafe assignment of an `any` value                                                @typescript-eslint/no-unsafe-assignment
  459:44  warning  Unsafe member access .auth on an `any` value                                       @typescript-eslint/no-unsafe-member-access
  462:20  warning  Unsafe argument of type `any` assigned to a parameter of type `string | string[]`  @typescript-eslint/no-unsafe-argument
  464:7   warning  Unsafe assignment of an `any` value                                                @typescript-eslint/no-unsafe-assignment
  464:25  warning  Unsafe member access .name on an `any` value                                       @typescript-eslint/no-unsafe-member-access
  492:11  warning  Unsafe assignment of an `any` value                                                @typescript-eslint/no-unsafe-assignment
  492:36  warning  Unsafe member access .meetingId on an `any` value                                  @typescript-eslint/no-unsafe-member-access
  495:33  warning  Unsafe argument of type `any` assigned to a parameter of type `string`             @typescript-eslint/no-unsafe-argument

C:\Users\Windows 10\Desktop\Personal\Studies\Research\EduToolV4\backend\src\modules\meeting\meeting.service.ts
   60:7   warning  Unsafe assignment of type `any[]` to a variable of type `string[]`  @typescript-eslint/no-unsafe-assignment
   60:48  warning  Unsafe return of a value of type `any`                              @typescript-eslint/no-unsafe-return
   60:50  warning  Unsafe member access .student_id on an `any` value                  @typescript-eslint/no-unsafe-member-access
  191:17  warning  Unsafe member access .status on an `any` value                      @typescript-eslint/no-unsafe-member-access
  197:17  warning  Unsafe member access .is_ephemeral on an `any` value                @typescript-eslint/no-unsafe-member-access
  323:47  warning  Unsafe member access .student_id on an `any` value                  @typescript-eslint/no-unsafe-member-access
  325:44  warning  Unsafe member access .student_id on an `any` value                  @typescript-eslint/no-unsafe-member-access
  350:53  warning  Unsafe member access .student_id on an `any` value                  @typescript-eslint/no-unsafe-member-access
  352:50  warning  Unsafe member access .student_id on an `any` value                  @typescript-eslint/no-unsafe-member-access

C:\Users\Windows 10\Desktop\Personal\Studies\Research\EduToolV4\backend\src\modules\org-seeder\data\grading-scale.data.ts
  1:10  error  'COLLEGE_COURSES' is defined but never used  @typescript-eslint/no-unused-vars

C:\Users\Windows 10\Desktop\Personal\Studies\Research\EduToolV4\backend\src\modules\org-seeder\seed-id.ts
  6:3   warning  Unsafe return of a value of type error            @typescript-eslint/no-unsafe-return
  6:10  warning  Unsafe call of a type that could not be resolved  @typescript-eslint/no-unsafe-call

C:\Users\Windows 10\Desktop\Personal\Studies\Research\EduToolV4\backend\src\modules\org-seeder\seeders\grading-scale-seeder.service.ts
  23:15  warning  Unsafe assignment of an `any` value  @typescript-eslint/no-unsafe-assignment
  51:13  warning  Unsafe assignment of an `any` value  @typescript-eslint/no-unsafe-assignment

C:\Users\Windows 10\Desktop\Personal\Studies\Research\EduToolV4\backend\src\modules\org-seeder\seeders\grading-scheme-seeder.service.ts
  50:11  warning  Unsafe assignment of an error typed value         @typescript-eslint/no-unsafe-assignment
  50:15  warning  Unsafe call of a type that could not be resolved  @typescript-eslint/no-unsafe-call
  53:11  warning  Unsafe assignment of an `any` value               @typescript-eslint/no-unsafe-assignment
  53:19  warning  Unsafe member access .name on an `any` value      @typescript-eslint/no-unsafe-member-access
  54:11  warning  Unsafe assignment of an `any` value               @typescript-eslint/no-unsafe-assignment
  54:19  warning  Unsafe member access .type on an `any` value      @typescript-eslint/no-unsafe-member-access
  55:11  warning  Unsafe assignment of an `any` value               @typescript-eslint/no-unsafe-assignment
  55:21  warning  Unsafe member access .weight on an `any` value    @typescript-eslint/no-unsafe-member-access

C:\Users\Windows 10\Desktop\Personal\Studies\Research\EduToolV4\backend\src\modules\org-seeder\seeders\prerequisite-seeder.service.ts
  44:13  warning  Unsafe assignment of an error typed value         @typescript-eslint/no-unsafe-assignment
  44:17  warning  Unsafe call of a type that could not be resolved  @typescript-eslint/no-unsafe-call

C:\Users\Windows 10\Desktop\Personal\Studies\Research\EduToolV4\backend\src\modules\org-seeder\seeders\semester-template-seeder.service.ts
  77:13  warning  Unsafe assignment of an `any` value                                     @typescript-eslint/no-unsafe-assignment
  77:44  warning  Unsafe member access .length on an `any` value                          @typescript-eslint/no-unsafe-member-access
  81:9   warning  Unsafe argument of type `any` assigned to a parameter of type `number`  @typescript-eslint/no-unsafe-argument

C:\Users\Windows 10\Desktop\Personal\Studies\Research\EduToolV4\backend\src\modules\organization\organization.service.ts
   57:14  warning  Unsafe member access .code on an `any` value  @typescript-eslint/no-unsafe-member-access
   57:34  warning  Unsafe call of an `any` typed value           @typescript-eslint/no-unsafe-call
   57:37  warning  Unsafe member access .meta on an `any` value  @typescript-eslint/no-unsafe-member-access
  107:14  warning  Unsafe member access .code on an `any` value  @typescript-eslint/no-unsafe-member-access
  107:34  warning  Unsafe call of an `any` typed value           @typescript-eslint/no-unsafe-call
  107:37  warning  Unsafe member access .meta on an `any` value  @typescript-eslint/no-unsafe-member-access

C:\Users\Windows 10\Desktop\Personal\Studies\Research\EduToolV4\backend\src\modules\platform-registration\platform-registration.repository.ts
   3:10  error    'Prisma' is defined but never used              @typescript-eslint/no-unused-vars
  18:13  warning  Unsafe member access .OR on an `any` value      @typescript-eslint/no-unsafe-member-access
  25:13  warning  Unsafe member access .status on an `any` value  @typescript-eslint/no-unsafe-member-access
  30:9   warning  Unsafe assignment of an `any` value             @typescript-eslint/no-unsafe-assignment
  35:43  warning  Unsafe assignment of an `any` value             @typescript-eslint/no-unsafe-assignment
  48:15  warning  Unsafe assignment of an `any` value             @typescript-eslint/no-unsafe-assignment
  60:9   warning  Unsafe assignment of an `any` value             @typescript-eslint/no-unsafe-assignment
  75:9   warning  Unsafe assignment of an `any` value             @typescript-eslint/no-unsafe-assignment

C:\Users\Windows 10\Desktop\Personal\Studies\Research\EduToolV4\backend\src\modules\platform-registration\platform-registration.service.ts
  80:9  warning  Unsafe assignment of an `any` value  @typescript-eslint/no-unsafe-assignment
  81:9  warning  Unsafe assignment of an `any` value  @typescript-eslint/no-unsafe-assignment

C:\Users\Windows 10\Desktop\Personal\Studies\Research\EduToolV4\backend\src\modules\platform\guards\platform-owner.guard.ts
  11:11  warning  Unsafe assignment of an `any` value           @typescript-eslint/no-unsafe-assignment
  12:11  warning  Unsafe assignment of an `any` value           @typescript-eslint/no-unsafe-assignment
  12:26  warning  Unsafe member access .user on an `any` value  @typescript-eslint/no-unsafe-member-access
  14:23  warning  Unsafe member access .role on an `any` value  @typescript-eslint/no-unsafe-member-access

C:\Users\Windows 10\Desktop\Personal\Studies\Research\EduToolV4\backend\src\modules\presentation\utils\slide-generator.utils.ts
  22:7  error  'ABBREVIATION_PLACEHOLDER' is assigned a value but never used  @typescript-eslint/no-unused-vars

C:\Users\Windows 10\Desktop\Personal\Studies\Research\EduToolV4\backend\src\modules\program\dto\program.dto.ts
  4:3  error  'IsEnum' is defined but never used     @typescript-eslint/no-unused-vars
  5:3  error  'MinLength' is defined but never used  @typescript-eslint/no-unused-vars
  6:3  error  'MaxLength' is defined but never used  @typescript-eslint/no-unused-vars

C:\Users\Windows 10\Desktop\Personal\Studies\Research\EduToolV4\backend\src\modules\program\program.repository.ts
   15:7  error  'PROGRAM_STATS_INCLUDE_COLLEGE' is assigned a value but never used      @typescript-eslint/no-unused-vars
   37:7  error  'PROGRAM_STATS_INCLUDE_SENIOR_HIGH' is assigned a value but never used  @typescript-eslint/no-unused-vars
   59:7  error  'PROGRAM_STATS_INCLUDE_DEFAULT' is assigned a value but never used      @typescript-eslint/no-unused-vars
  159:5  error  'includeAssignment' is assigned a value but never used                  @typescript-eslint/no-unused-vars

C:\Users\Windows 10\Desktop\Personal\Studies\Research\EduToolV4\backend\src\modules\program\program.service.ts
  152:9   warning  Unsafe assignment of an `any` value                  @typescript-eslint/no-unsafe-assignment
  152:15  warning  Unsafe member access .id on an `any` value           @typescript-eslint/no-unsafe-member-access
  153:9   warning  Unsafe assignment of an `any` value                  @typescript-eslint/no-unsafe-assignment
  153:17  warning  Unsafe member access .name on an `any` value         @typescript-eslint/no-unsafe-member-access
  154:9   warning  Unsafe assignment of an `any` value                  @typescript-eslint/no-unsafe-assignment
  154:24  warning  Unsafe member access .order_index on an `any` value  @typescript-eslint/no-unsafe-member-access
  155:9   warning  Unsafe assignment of an `any` value                  @typescript-eslint/no-unsafe-assignment
  155:23  warning  Unsafe member access .start_date on an `any` value   @typescript-eslint/no-unsafe-member-access
  156:9   warning  Unsafe assignment of an `any` value                  @typescript-eslint/no-unsafe-assignment
  156:21  warning  Unsafe member access .end_date on an `any` value     @typescript-eslint/no-unsafe-member-access

C:\Users\Windows 10\Desktop\Personal\Studies\Research\EduToolV4\backend\src\modules\registrar\registrar.repository.ts
   54:22  warning  Unsafe assignment of an `any` value  @typescript-eslint/no-unsafe-assignment
  119:15  warning  Unsafe assignment of an `any` value  @typescript-eslint/no-unsafe-assignment

C:\Users\Windows 10\Desktop\Personal\Studies\Research\EduToolV4\backend\src\modules\registrar\registrar.service.ts
  161:26  warning  Unsafe member access .profile on an `any` value     @typescript-eslint/no-unsafe-member-access
  163:7   warning  Unsafe assignment of an `any` value                 @typescript-eslint/no-unsafe-assignment
  163:19  warning  Unsafe member access .id on an `any` value          @typescript-eslint/no-unsafe-member-access
  164:7   warning  Unsafe assignment of an `any` value                 @typescript-eslint/no-unsafe-assignment
  164:22  warning  Unsafe member access .org_id on an `any` value      @typescript-eslint/no-unsafe-member-access
  165:7   warning  Unsafe assignment of an `any` value                 @typescript-eslint/no-unsafe-assignment
  165:22  warning  Unsafe member access .email on an `any` value       @typescript-eslint/no-unsafe-member-access
  166:7   warning  Unsafe assignment of an `any` value                 @typescript-eslint/no-unsafe-assignment
  166:23  warning  Unsafe member access .status on an `any` value      @typescript-eslint/no-unsafe-member-access
  167:7   warning  Unsafe assignment of an `any` value                 @typescript-eslint/no-unsafe-assignment
  167:52  warning  Unsafe member access .profile on an `any` value     @typescript-eslint/no-unsafe-member-access
  168:7   warning  Unsafe assignment of an `any` value                 @typescript-eslint/no-unsafe-assignment
  168:25  warning  Unsafe member access .profile on an `any` value     @typescript-eslint/no-unsafe-member-access
  169:7   warning  Unsafe assignment of an `any` value                 @typescript-eslint/no-unsafe-assignment
  169:26  warning  Unsafe member access .created_at on an `any` value  @typescript-eslint/no-unsafe-member-access

C:\Users\Windows 10\Desktop\Personal\Studies\Research\EduToolV4\backend\src\modules\school-year\school-year-readiness.service.ts
  468:13  error    'when' is assigned a value but never used                               @typescript-eslint/no-unused-vars
  503:13  warning  Unsafe assignment of an `any` value                                     @typescript-eslint/no-unsafe-assignment
  503:33  warning  Unsafe member access ._all on an `any` value                            @typescript-eslint/no-unsafe-member-access
  504:15  warning  Unsafe argument of type `any` assigned to a parameter of type `string`  @typescript-eslint/no-unsafe-argument

C:\Users\Windows 10\Desktop\Personal\Studies\Research\EduToolV4\backend\src\modules\school-year\school-year.repository.ts
  111:15  warning  Unsafe assignment of an `any` value                          @typescript-eslint/no-unsafe-assignment
  111:30  warning  Unsafe call of an `any` typed value                          @typescript-eslint/no-unsafe-call
  111:54  warning  Unsafe member access .groupBy on an `any` value              @typescript-eslint/no-unsafe-member-access
  116:9   warning  Unsafe return of a value of type `any`                       @typescript-eslint/no-unsafe-return
  116:16  warning  Unsafe call of an `any` typed value                          @typescript-eslint/no-unsafe-call
  116:23  warning  Unsafe member access .map on an `any` value                  @typescript-eslint/no-unsafe-member-access
  127:9   warning  Unsafe assignment of an `any` value                          @typescript-eslint/no-unsafe-assignment
  127:16  warning  Computed name [row.schoolYearId] resolves to an `any` value  @typescript-eslint/no-unsafe-member-access
  127:20  warning  Unsafe member access .schoolYearId on an `any` value         @typescript-eslint/no-unsafe-member-access
  127:44  warning  Computed name [row.schoolYearId] resolves to an `any` value  @typescript-eslint/no-unsafe-member-access
  127:48  warning  Unsafe member access .schoolYearId on an `any` value         @typescript-eslint/no-unsafe-member-access
  127:74  warning  Unsafe member access .count on an `any` value                @typescript-eslint/no-unsafe-member-access
  137:9   warning  Unsafe return of a value of type `any`                       @typescript-eslint/no-unsafe-return
  137:9   warning  Unsafe call of an `any` typed value                          @typescript-eslint/no-unsafe-call
  137:33  warning  Unsafe member access .count on an `any` value                @typescript-eslint/no-unsafe-member-access

C:\Users\Windows 10\Desktop\Personal\Studies\Research\EduToolV4\backend\src\modules\school-year\school-year.service.ts
  23:11  error  'CreateResult' is defined but never used  @typescript-eslint/no-unused-vars

C:\Users\Windows 10\Desktop\Personal\Studies\Research\EduToolV4\backend\src\modules\semester-template\semester-template.repository.ts
  104:13  warning  Unsafe assignment of an `any` value                 @typescript-eslint/no-unsafe-assignment
  104:23  warning  Unsafe member access .name on an `any` value        @typescript-eslint/no-unsafe-member-access
  105:13  warning  Unsafe assignment of an `any` value                 @typescript-eslint/no-unsafe-assignment
  105:30  warning  Unsafe member access .orderIndex on an `any` value  @typescript-eslint/no-unsafe-member-access
  107:15  warning  Unsafe assignment of an `any` value                 @typescript-eslint/no-unsafe-assignment
  107:23  warning  Unsafe call of an `any` typed value                 @typescript-eslint/no-unsafe-call
  107:27  warning  Unsafe member access .terms on an `any` value       @typescript-eslint/no-unsafe-member-access
  109:17  warning  Unsafe assignment of an `any` value                 @typescript-eslint/no-unsafe-assignment
  109:25  warning  Unsafe member access .name on an `any` value        @typescript-eslint/no-unsafe-member-access
  110:17  warning  Unsafe assignment of an `any` value                 @typescript-eslint/no-unsafe-assignment
  110:32  warning  Unsafe member access .orderIndex on an `any` value  @typescript-eslint/no-unsafe-member-access

C:\Users\Windows 10\Desktop\Personal\Studies\Research\EduToolV4\backend\src\modules\semester-template\semester-template.service.ts
   85:11  warning  Unsafe assignment of an `any` value                                     @typescript-eslint/no-unsafe-assignment
   86:36  warning  Unsafe member access .semesters on an `any` value                       @typescript-eslint/no-unsafe-member-access
   88:31  warning  Unsafe call of an `any` typed value                                     @typescript-eslint/no-unsafe-call
   88:31  warning  Unsafe call of an `any` typed value                                     @typescript-eslint/no-unsafe-call
   88:39  warning  Unsafe member access .terms on an `any` value                           @typescript-eslint/no-unsafe-member-access
   89:38  warning  Unsafe argument of type `any` assigned to a parameter of type `string`  @typescript-eslint/no-unsafe-argument
   89:40  warning  Unsafe member access .id on an `any` value                              @typescript-eslint/no-unsafe-member-access
   90:10  warning  Unsafe member access .filter on an `any` value                          @typescript-eslint/no-unsafe-member-access
  106:11  warning  Unsafe assignment of an `any` value                                     @typescript-eslint/no-unsafe-assignment
  106:25  warning  Unsafe member access .name on an `any` value                            @typescript-eslint/no-unsafe-member-access
  119:15  warning  Unsafe assignment of an `any` value                                     @typescript-eslint/no-unsafe-assignment
  119:29  warning  Unsafe member access .name on an `any` value                            @typescript-eslint/no-unsafe-member-access
  126:38  warning  Unsafe member access .terms on an `any` value                           @typescript-eslint/no-unsafe-member-access
  127:35  warning  Unsafe argument of type `any` assigned to a parameter of type `string`  @typescript-eslint/no-unsafe-argument
  127:44  warning  Unsafe member access .id on an `any` value                              @typescript-eslint/no-unsafe-member-access
  134:13  warning  Unsafe assignment of an `any` value                                     @typescript-eslint/no-unsafe-assignment
  134:28  warning  Unsafe member access .name on an `any` value                            @typescript-eslint/no-unsafe-member-access
  148:15  warning  Unsafe assignment of an `any` value                                     @typescript-eslint/no-unsafe-assignment
  148:30  warning  Unsafe member access .name on an `any` value                            @typescript-eslint/no-unsafe-member-access
  149:15  warning  Unsafe assignment of an `any` value                                     @typescript-eslint/no-unsafe-assignment
  149:37  warning  Unsafe member access .order_index on an `any` value                     @typescript-eslint/no-unsafe-member-access
  278:36  warning  Unsafe member access .semesters on an `any` value                       @typescript-eslint/no-unsafe-member-access
  283:11  warning  Unsafe assignment of an `any` value                                     @typescript-eslint/no-unsafe-assignment
  283:25  warning  Unsafe member access .name on an `any` value                            @typescript-eslint/no-unsafe-member-access
  294:11  warning  Unsafe assignment of an `any` value                                     @typescript-eslint/no-unsafe-assignment
  294:25  warning  Unsafe member access .name on an `any` value                            @typescript-eslint/no-unsafe-member-access
  301:38  warning  Unsafe member access .terms on an `any` value                           @typescript-eslint/no-unsafe-member-access
  306:13  warning  Unsafe assignment of an `any` value                                     @typescript-eslint/no-unsafe-assignment
  306:28  warning  Unsafe member access .name on an `any` value                            @typescript-eslint/no-unsafe-member-access
  307:13  warning  Unsafe assignment of an `any` value                                     @typescript-eslint/no-unsafe-assignment
  307:35  warning  Unsafe member access .orderIndex on an `any` value                      @typescript-eslint/no-unsafe-member-access
  307:58  warning  Unsafe member access .order_index on an `any` value                     @typescript-eslint/no-unsafe-member-access

C:\Users\Windows 10\Desktop\Personal\Studies\Research\EduToolV4\backend\src\modules\semester\dto\semester.dto.ts
  12:3  error  'ArrayMaxSize' is defined but never used  @typescript-eslint/no-unused-vars

C:\Users\Windows 10\Desktop\Personal\Studies\Research\EduToolV4\backend\src\modules\strand\strand.repository.ts
  58:28  error  'orgId' is defined but never used  @typescript-eslint/no-unused-vars

C:\Users\Windows 10\Desktop\Personal\Studies\Research\EduToolV4\backend\src\modules\strand\strand.service.ts
  38:45  warning  Unsafe member access .id on an `any` value    @typescript-eslint/no-unsafe-member-access
  39:47  warning  Unsafe member access .name on an `any` value  @typescript-eslint/no-unsafe-member-access

C:\Users\Windows 10\Desktop\Personal\Studies\Research\EduToolV4\backend\src\modules\student\dto\student.dto.ts
  113:29  warning  Unsafe return of a value of type `any`  @typescript-eslint/no-unsafe-return
  118:29  warning  Unsafe return of a value of type `any`  @typescript-eslint/no-unsafe-return
  123:29  warning  Unsafe return of a value of type `any`  @typescript-eslint/no-unsafe-return
  128:29  warning  Unsafe return of a value of type `any`  @typescript-eslint/no-unsafe-return
  133:29  warning  Unsafe return of a value of type `any`  @typescript-eslint/no-unsafe-return
  138:29  warning  Unsafe return of a value of type `any`  @typescript-eslint/no-unsafe-return

C:\Users\Windows 10\Desktop\Personal\Studies\Research\EduToolV4\backend\src\modules\student\student.controller.ts
  80:3  error  Async method 'getImportTemplate' has no 'await' expression  @typescript-eslint/require-await

C:\Users\Windows 10\Desktop\Personal\Studies\Research\EduToolV4\backend\src\modules\student\student.repository.ts
   30:9   warning  Unsafe assignment of an `any` value  @typescript-eslint/no-unsafe-assignment
  137:22  warning  Unsafe assignment of an `any` value  @typescript-eslint/no-unsafe-assignment
  254:15  warning  Unsafe assignment of an `any` value  @typescript-eslint/no-unsafe-assignment
  294:15  warning  Unsafe assignment of an `any` value  @typescript-eslint/no-unsafe-assignment

C:\Users\Windows 10\Desktop\Personal\Studies\Research\EduToolV4\backend\src\modules\student\student.service.ts
   16:3   error    'BulkCreateStudentDto' is defined but never used        @typescript-eslint/no-unused-vars
   54:11  warning  Unsafe assignment of an `any` value                     @typescript-eslint/no-unsafe-assignment
   54:35  warning  Unsafe member access .metadata on an `any` value        @typescript-eslint/no-unsafe-member-access
   66:35  warning  Unsafe member access .full_name on an `any` value       @typescript-eslint/no-unsafe-member-access
   71:40  warning  Unsafe member access .personal_email on an `any` value  @typescript-eslint/no-unsafe-member-access
   72:39  warning  Unsafe member access .profile_image on an `any` value   @typescript-eslint/no-unsafe-member-access
  639:9   warning  Unsafe assignment of an `any` value                     @typescript-eslint/no-unsafe-assignment
  639:39  warning  Unsafe member access .id on an `any` value              @typescript-eslint/no-unsafe-member-access

C:\Users\Windows 10\Desktop\Personal\Studies\Research\EduToolV4\backend\src\modules\subject-prerequisite\__TEST__\subject-prerequisite-proof.spec.ts
   23:65  error    Async arrow function has no 'await' expression                                                 @typescript-eslint/require-await
   28:38  error    Async arrow function has no 'await' expression                                                 @typescript-eslint/require-await
   31:54  error    Async arrow function has no 'await' expression                                                 @typescript-eslint/require-await
   38:54  warning  Unsafe argument of type `any` assigned to a parameter of type `SubjectPrerequisiteRepository`  @typescript-eslint/no-unsafe-argument
   85:54  warning  Unsafe argument of type `any` assigned to a parameter of type `SubjectPrerequisiteRepository`  @typescript-eslint/no-unsafe-argument
   92:49  warning  Unsafe assignment of an `any` value                                                            @typescript-eslint/no-unsafe-assignment
  135:54  warning  Unsafe argument of type `any` assigned to a parameter of type `DatabaseService`                @typescript-eslint/no-unsafe-argument
  165:54  warning  Unsafe argument of type `any` assigned to a parameter of type `DatabaseService`                @typescript-eslint/no-unsafe-argument

C:\Users\Windows 10\Desktop\Personal\Studies\Research\EduToolV4\backend\src\modules\subject-prerequisite\dto\subject-prerequisite.dto.ts
  1:20  error  'IsNotEmpty' is defined but never used  @typescript-eslint/no-unused-vars

C:\Users\Windows 10\Desktop\Personal\Studies\Research\EduToolV4\backend\src\modules\subject-prerequisite\subject-prerequisite.service.ts
  96:11  warning  Unsafe assignment of an `any` value                   @typescript-eslint/no-unsafe-assignment
  96:36  warning  Unsafe member access .prerequisite on an `any` value  @typescript-eslint/no-unsafe-member-access

C:\Users\Windows 10\Desktop\Personal\Studies\Research\EduToolV4\backend\src\modules\subject\dto\subject.dto.ts
  28:24  warning  Unsafe member access .subjectType on an `any` value  @typescript-eslint/no-unsafe-member-access
  33:24  warning  Unsafe member access .subjectType on an `any` value  @typescript-eslint/no-unsafe-member-access
  38:24  warning  Unsafe member access .subjectType on an `any` value  @typescript-eslint/no-unsafe-member-access

C:\Users\Windows 10\Desktop\Personal\Studies\Research\EduToolV4\backend\src\modules\subject\subject.repository.ts
   19:27  warning  Unsafe return of a value of type `any[]`                               @typescript-eslint/no-unsafe-return
   22:38  warning  Unsafe return of a value of type `any`                                 @typescript-eslint/no-unsafe-return
   22:40  warning  Unsafe member access .level_id on an `any` value                       @typescript-eslint/no-unsafe-member-access
   25:38  warning  Unsafe return of a value of type `any`                                 @typescript-eslint/no-unsafe-return
   25:40  warning  Unsafe member access .course_id on an `any` value                      @typescript-eslint/no-unsafe-member-access
   28:38  warning  Unsafe return of a value of type `any`                                 @typescript-eslint/no-unsafe-return
   28:40  warning  Unsafe member access .strand_id on an `any` value                      @typescript-eslint/no-unsafe-member-access
   52:11  warning  Unsafe assignment of an `any` value                                    @typescript-eslint/no-unsafe-assignment
   52:59  warning  Unsafe return of a value of type `any[]`                               @typescript-eslint/no-unsafe-return
   52:62  warning  Unsafe member access .id on an `any` value                             @typescript-eslint/no-unsafe-member-access
   52:68  warning  Unsafe member access .name on an `any` value                           @typescript-eslint/no-unsafe-member-access
   53:11  warning  Unsafe assignment of an `any` value                                    @typescript-eslint/no-unsafe-assignment
   53:61  warning  Unsafe return of a value of type `any[]`                               @typescript-eslint/no-unsafe-return
   53:64  warning  Unsafe member access .id on an `any` value                             @typescript-eslint/no-unsafe-member-access
   53:70  warning  Unsafe member access .name on an `any` value                           @typescript-eslint/no-unsafe-member-access
   54:11  warning  Unsafe assignment of an `any` value                                    @typescript-eslint/no-unsafe-assignment
   54:61  warning  Unsafe return of a value of type `any[]`                               @typescript-eslint/no-unsafe-return
   54:64  warning  Unsafe member access .id on an `any` value                             @typescript-eslint/no-unsafe-member-access
   54:70  warning  Unsafe member access .name on an `any` value                           @typescript-eslint/no-unsafe-member-access
   56:5   warning  Unsafe return of a value of type `any[]`                               @typescript-eslint/no-unsafe-return
   56:33  warning  Unsafe return of a value of type `any`                                 @typescript-eslint/no-unsafe-return
   58:7   warning  Unsafe assignment of an `any` value                                    @typescript-eslint/no-unsafe-assignment
   58:27  warning  Unsafe member access [s.level_id] on an `any` value                    @typescript-eslint/no-unsafe-member-access
   58:27  warning  Computed name [s.level_id] resolves to an `any` value                  @typescript-eslint/no-unsafe-member-access
   58:29  warning  Unsafe member access .level_id on an `any` value                       @typescript-eslint/no-unsafe-member-access
   59:7   warning  Unsafe assignment of an `any` value                                    @typescript-eslint/no-unsafe-assignment
   59:21  warning  Unsafe member access .course_id on an `any` value                      @typescript-eslint/no-unsafe-member-access
   59:44  warning  Unsafe member access [s.course_id] on an `any` value                   @typescript-eslint/no-unsafe-member-access
   59:44  warning  Computed name [s.course_id] resolves to an `any` value                 @typescript-eslint/no-unsafe-member-access
   59:46  warning  Unsafe member access .course_id on an `any` value                      @typescript-eslint/no-unsafe-member-access
   60:7   warning  Unsafe assignment of an `any` value                                    @typescript-eslint/no-unsafe-assignment
   60:21  warning  Unsafe member access .strand_id on an `any` value                      @typescript-eslint/no-unsafe-member-access
   60:44  warning  Unsafe member access [s.strand_id] on an `any` value                   @typescript-eslint/no-unsafe-member-access
   60:44  warning  Computed name [s.strand_id] resolves to an `any` value                 @typescript-eslint/no-unsafe-member-access
   60:46  warning  Unsafe member access .strand_id on an `any` value                      @typescript-eslint/no-unsafe-member-access
   68:38  warning  Unsafe return of a value of type `any`                                 @typescript-eslint/no-unsafe-return
   68:40  warning  Unsafe member access .course_id on an `any` value                      @typescript-eslint/no-unsafe-member-access
   71:38  warning  Unsafe return of a value of type `any`                                 @typescript-eslint/no-unsafe-return
   71:40  warning  Unsafe member access .strand_id on an `any` value                      @typescript-eslint/no-unsafe-member-access
   74:38  warning  Unsafe return of a value of type `any`                                 @typescript-eslint/no-unsafe-return
   74:40  warning  Unsafe member access .level_id on an `any` value                       @typescript-eslint/no-unsafe-member-access
   98:11  warning  Unsafe assignment of an `any` value                                    @typescript-eslint/no-unsafe-assignment
   98:61  warning  Unsafe return of a value of type `any[]`                               @typescript-eslint/no-unsafe-return
   98:64  warning  Unsafe member access .id on an `any` value                             @typescript-eslint/no-unsafe-member-access
   98:70  warning  Unsafe member access .name on an `any` value                           @typescript-eslint/no-unsafe-member-access
   99:11  warning  Unsafe assignment of an `any` value                                    @typescript-eslint/no-unsafe-assignment
   99:61  warning  Unsafe return of a value of type `any[]`                               @typescript-eslint/no-unsafe-return
   99:64  warning  Unsafe member access .id on an `any` value                             @typescript-eslint/no-unsafe-member-access
   99:70  warning  Unsafe member access .name on an `any` value                           @typescript-eslint/no-unsafe-member-access
  100:11  warning  Unsafe assignment of an `any` value                                    @typescript-eslint/no-unsafe-assignment
  100:59  warning  Unsafe return of a value of type `any[]`                               @typescript-eslint/no-unsafe-return
  100:62  warning  Unsafe member access .id on an `any` value                             @typescript-eslint/no-unsafe-member-access
  100:68  warning  Unsafe member access .name on an `any` value                           @typescript-eslint/no-unsafe-member-access
  103:7   warning  Unsafe assignment of an `any` value                                    @typescript-eslint/no-unsafe-assignment
  103:13  warning  Unsafe member access .id on an `any` value                             @typescript-eslint/no-unsafe-member-access
  104:7   warning  Unsafe assignment of an `any` value                                    @typescript-eslint/no-unsafe-assignment
  104:16  warning  Unsafe member access .org_id on an `any` value                         @typescript-eslint/no-unsafe-member-access
  105:7   warning  Unsafe assignment of an `any` value                                    @typescript-eslint/no-unsafe-assignment
  105:20  warning  Unsafe member access .subject_id on an `any` value                     @typescript-eslint/no-unsafe-member-access
  106:7   warning  Unsafe assignment of an `any` value                                    @typescript-eslint/no-unsafe-assignment
  106:19  warning  Unsafe member access .course_id on an `any` value                      @typescript-eslint/no-unsafe-member-access
  107:7   warning  Unsafe assignment of an `any` value                                    @typescript-eslint/no-unsafe-assignment
  107:21  warning  Unsafe member access .course_id on an `any` value                      @typescript-eslint/no-unsafe-member-access
  107:44  warning  Unsafe member access [s.course_id] on an `any` value                   @typescript-eslint/no-unsafe-member-access
  107:44  warning  Computed name [s.course_id] resolves to an `any` value                 @typescript-eslint/no-unsafe-member-access
  107:46  warning  Unsafe member access .course_id on an `any` value                      @typescript-eslint/no-unsafe-member-access
  108:7   warning  Unsafe assignment of an `any` value                                    @typescript-eslint/no-unsafe-assignment
  108:19  warning  Unsafe member access .strand_id on an `any` value                      @typescript-eslint/no-unsafe-member-access
  109:7   warning  Unsafe assignment of an `any` value                                    @typescript-eslint/no-unsafe-assignment
  109:21  warning  Unsafe member access .strand_id on an `any` value                      @typescript-eslint/no-unsafe-member-access
  109:44  warning  Unsafe member access [s.strand_id] on an `any` value                   @typescript-eslint/no-unsafe-member-access
  109:44  warning  Computed name [s.strand_id] resolves to an `any` value                 @typescript-eslint/no-unsafe-member-access
  109:46  warning  Unsafe member access .strand_id on an `any` value                      @typescript-eslint/no-unsafe-member-access
  110:7   warning  Unsafe assignment of an `any` value                                    @typescript-eslint/no-unsafe-assignment
  110:18  warning  Unsafe member access .level_id on an `any` value                       @typescript-eslint/no-unsafe-member-access
  111:7   warning  Unsafe assignment of an `any` value                                    @typescript-eslint/no-unsafe-assignment
  111:20  warning  Unsafe member access .level_id on an `any` value                       @typescript-eslint/no-unsafe-member-access
  111:41  warning  Unsafe member access [s.level_id] on an `any` value                    @typescript-eslint/no-unsafe-member-access
  111:41  warning  Computed name [s.level_id] resolves to an `any` value                  @typescript-eslint/no-unsafe-member-access
  111:43  warning  Unsafe member access .level_id on an `any` value                       @typescript-eslint/no-unsafe-member-access
  141:11  warning  Unsafe array destructuring of an `any` array value                     @typescript-eslint/no-unsafe-assignment
  142:5   warning  Unsafe return of a value of type `any`                                 @typescript-eslint/no-unsafe-return
  306:54  warning  Unsafe return of a value of type `any`                                 @typescript-eslint/no-unsafe-return
  306:56  warning  Unsafe member access .sharings on an `any` value                       @typescript-eslint/no-unsafe-member-access
  311:18  warning  Computed name [sh.subjectId] resolves to an `any` value                @typescript-eslint/no-unsafe-member-access
  311:37  warning  Computed name [sh.subjectId] resolves to an `any` value                @typescript-eslint/no-unsafe-member-access
  312:13  warning  Computed name [sh.subjectId] resolves to an `any` value                @typescript-eslint/no-unsafe-member-access
  318:44  warning  Unsafe return of a value of type `any`                                 @typescript-eslint/no-unsafe-return
  320:35  warning  Computed name [s.id] resolves to an `any` value                        @typescript-eslint/no-unsafe-member-access
  320:37  warning  Unsafe member access .id on an `any` value                             @typescript-eslint/no-unsafe-member-access
  350:11  warning  Unsafe array destructuring of an `any` array value                     @typescript-eslint/no-unsafe-assignment
  352:7   warning  Unsafe argument of type `any` assigned to a parameter of type `any[]`  @typescript-eslint/no-unsafe-argument
  352:24  warning  Unsafe member access .sharings on an `any` value                       @typescript-eslint/no-unsafe-member-access
  354:5   warning  Unsafe return of a value of type `any`                                 @typescript-eslint/no-unsafe-return
  395:11  warning  Unsafe array destructuring of an `any` array value                     @typescript-eslint/no-unsafe-assignment
  396:5   warning  Unsafe return of a value of type `any`                                 @typescript-eslint/no-unsafe-return
  404:11  warning  Unsafe array destructuring of an `any` array value                     @typescript-eslint/no-unsafe-assignment
  405:5   warning  Unsafe return of a value of type `any`                                 @typescript-eslint/no-unsafe-return

C:\Users\Windows 10\Desktop\Personal\Studies\Research\EduToolV4\backend\src\modules\subject\subject.service.ts
   23:7   warning  Unsafe assignment of an `any` value                                     @typescript-eslint/no-unsafe-assignment
   23:19  warning  Unsafe member access .id on an `any` value                              @typescript-eslint/no-unsafe-member-access
   24:7   warning  Unsafe assignment of an `any` value                                     @typescript-eslint/no-unsafe-assignment
   24:22  warning  Unsafe member access .org_id on an `any` value                          @typescript-eslint/no-unsafe-member-access
   25:7   warning  Unsafe assignment of an `any` value                                     @typescript-eslint/no-unsafe-assignment
   25:22  warning  Unsafe member access .name on an `any` value                            @typescript-eslint/no-unsafe-member-access
   26:7   warning  Unsafe assignment of an `any` value                                     @typescript-eslint/no-unsafe-assignment
   26:28  warning  Unsafe member access .subject_type on an `any` value                    @typescript-eslint/no-unsafe-member-access
   27:7   warning  Unsafe assignment of an `any` value                                     @typescript-eslint/no-unsafe-assignment
   27:26  warning  Unsafe member access .program_id on an `any` value                      @typescript-eslint/no-unsafe-member-access
   28:7   warning  Unsafe assignment of an `any` value                                     @typescript-eslint/no-unsafe-assignment
   28:28  warning  Unsafe member access .program on an `any` value                         @typescript-eslint/no-unsafe-member-access
   29:7   warning  Unsafe assignment of an `any` value                                     @typescript-eslint/no-unsafe-assignment
   29:28  warning  Unsafe member access .program on an `any` value                         @typescript-eslint/no-unsafe-member-access
   30:7   warning  Unsafe assignment of an `any` value                                     @typescript-eslint/no-unsafe-assignment
   30:30  warning  Unsafe member access .program_id on an `any` value                      @typescript-eslint/no-unsafe-member-access
   31:7   warning  Unsafe assignment of an `any` value                                     @typescript-eslint/no-unsafe-assignment
   31:24  warning  Unsafe member access .level_id on an `any` value                        @typescript-eslint/no-unsafe-member-access
   32:7   warning  Unsafe assignment of an `any` value                                     @typescript-eslint/no-unsafe-assignment
   32:26  warning  Unsafe member access .levelName on an `any` value                       @typescript-eslint/no-unsafe-member-access
   33:7   warning  Unsafe assignment of an `any` value                                     @typescript-eslint/no-unsafe-assignment
   33:25  warning  Unsafe member access .course_id on an `any` value                       @typescript-eslint/no-unsafe-member-access
   34:7   warning  Unsafe assignment of an `any` value                                     @typescript-eslint/no-unsafe-assignment
   34:27  warning  Unsafe member access .courseName on an `any` value                      @typescript-eslint/no-unsafe-member-access
   35:7   warning  Unsafe assignment of an `any` value                                     @typescript-eslint/no-unsafe-assignment
   35:25  warning  Unsafe member access .strand_id on an `any` value                       @typescript-eslint/no-unsafe-member-access
   36:7   warning  Unsafe assignment of an `any` value                                     @typescript-eslint/no-unsafe-assignment
   36:27  warning  Unsafe member access .strandName on an `any` value                      @typescript-eslint/no-unsafe-member-access
   37:27  warning  Unsafe member access .is_locked on an `any` value                       @typescript-eslint/no-unsafe-member-access
   38:7   warning  Unsafe assignment of an `any` value                                     @typescript-eslint/no-unsafe-assignment
   38:26  warning  Unsafe member access .year_level on an `any` value                      @typescript-eslint/no-unsafe-member-access
   39:7   warning  Unsafe assignment of an `any` value                                     @typescript-eslint/no-unsafe-assignment
   39:26  warning  Unsafe member access .term_label on an `any` value                      @typescript-eslint/no-unsafe-member-access
   40:7   warning  Unsafe assignment of an `any` value                                     @typescript-eslint/no-unsafe-assignment
   40:30  warning  Unsafe member access .prerequisites on an `any` value                   @typescript-eslint/no-unsafe-member-access
   41:7   warning  Unsafe assignment of an `any` value                                     @typescript-eslint/no-unsafe-assignment
   41:26  warning  Unsafe member access .prereqFor on an `any` value                       @typescript-eslint/no-unsafe-member-access
   42:7   warning  Unsafe assignment of an `any` value                                     @typescript-eslint/no-unsafe-assignment
   42:25  warning  Unsafe member access .sharings on an `any` value                        @typescript-eslint/no-unsafe-member-access
   43:7   warning  Unsafe assignment of an `any` value                                     @typescript-eslint/no-unsafe-assignment
   43:26  warning  Unsafe member access .created_at on an `any` value                      @typescript-eslint/no-unsafe-member-access
   44:7   warning  Unsafe assignment of an `any` value                                     @typescript-eslint/no-unsafe-assignment
   44:26  warning  Unsafe member access .updated_at on an `any` value                      @typescript-eslint/no-unsafe-member-access
   84:11  warning  Unsafe assignment of an `any` value                                     @typescript-eslint/no-unsafe-assignment
  124:11  warning  Unsafe assignment of an `any` value                                     @typescript-eslint/no-unsafe-assignment
  130:11  warning  Unsafe assignment of an `any` value                                     @typescript-eslint/no-unsafe-assignment
  132:17  warning  Unsafe member access .is_locked on an `any` value                       @typescript-eslint/no-unsafe-member-access
  139:52  warning  Unsafe member access .program_id on an `any` value                      @typescript-eslint/no-unsafe-member-access
  141:56  warning  Unsafe member access .subject_type on an `any` value                    @typescript-eslint/no-unsafe-member-access
  149:9   warning  Unsafe argument of type `any` assigned to a parameter of type `string`  @typescript-eslint/no-unsafe-argument
  149:34  warning  Unsafe member access .program_id on an `any` value                      @typescript-eslint/no-unsafe-member-access
  155:11  warning  Unsafe assignment of an `any` value                                     @typescript-eslint/no-unsafe-assignment
  155:51  warning  Unsafe member access .subject_type on an `any` value                    @typescript-eslint/no-unsafe-member-access
  170:11  warning  Unsafe assignment of an `any` value                                     @typescript-eslint/no-unsafe-assignment
  186:11  warning  Unsafe assignment of an `any` value                                     @typescript-eslint/no-unsafe-assignment
  188:17  warning  Unsafe member access .is_locked on an `any` value                       @typescript-eslint/no-unsafe-member-access
  190:11  warning  Unsafe assignment of an `any` value                                     @typescript-eslint/no-unsafe-assignment
  195:11  warning  Unsafe assignment of an `any` value                                     @typescript-eslint/no-unsafe-assignment
  197:18  warning  Unsafe member access .is_locked on an `any` value                       @typescript-eslint/no-unsafe-member-access
  199:11  warning  Unsafe assignment of an `any` value                                     @typescript-eslint/no-unsafe-assignment
  220:11  warning  Unsafe assignment of an `any` value                                     @typescript-eslint/no-unsafe-assignment
  227:20  warning  Unsafe member access .subjectType on an `any` value                     @typescript-eslint/no-unsafe-member-access
  231:21  warning  Unsafe member access .programId on an `any` value                       @typescript-eslint/no-unsafe-member-access
  237:21  warning  Unsafe member access .levelId on an `any` value                         @typescript-eslint/no-unsafe-member-access
  249:44  warning  Unsafe member access .programId on an `any` value                       @typescript-eslint/no-unsafe-member-access
  262:44  warning  Unsafe member access .programId on an `any` value                       @typescript-eslint/no-unsafe-member-access
  275:43  warning  Unsafe member access .programId on an `any` value                       @typescript-eslint/no-unsafe-member-access
  280:38  warning  Unsafe member access .levelId on an `any` value                         @typescript-eslint/no-unsafe-member-access
  295:11  warning  Unsafe assignment of an `any` value                                     @typescript-eslint/no-unsafe-assignment
  302:11  warning  Unsafe assignment of an `any` value                                     @typescript-eslint/no-unsafe-assignment

C:\Users\Windows 10\Desktop\Personal\Studies\Research\EduToolV4\backend\src\modules\submission\submission.repository.ts
  32:9  warning  Unsafe assignment of an `any` value  @typescript-eslint/no-unsafe-assignment
  56:9  warning  Unsafe assignment of an `any` value  @typescript-eslint/no-unsafe-assignment

C:\Users\Windows 10\Desktop\Personal\Studies\Research\EduToolV4\backend\src\modules\submission\submission.service.ts
   63:11  error  'assessment' is assigned a value but never used  @typescript-eslint/no-unused-vars
  287:64  error  'orgId' is defined but never used                @typescript-eslint/no-unused-vars

C:\Users\Windows 10\Desktop\Personal\Studies\Research\EduToolV4\backend\src\modules\upload\upload.controller.ts
  54:23  warning  Unsafe call of a type that could not be resolved  @typescript-eslint/no-unsafe-call
  98:23  warning  Unsafe call of a type that could not be resolved  @typescript-eslint/no-unsafe-call

C:\Users\Windows 10\Desktop\Personal\Studies\Research\EduToolV4\backend\src\seeds\playground-assessment-grading.ts
   76:32  error    'unknown' overrides all other types in this union type                                     @typescript-eslint/no-redundant-type-constituents
   89:26  error    'd' will use Object's default stringification format ('[object Object]') when stringified  @typescript-eslint/no-base-to-string
  104:23  warning  Unsafe call of a type that could not be resolved                                           @typescript-eslint/no-unsafe-call
  105:33  warning  Unsafe call of a type that could not be resolved                                           @typescript-eslint/no-unsafe-call
  106:31  warning  Unsafe call of a type that could not be resolved                                           @typescript-eslint/no-unsafe-call
  113:3   error    'app' is never reassigned. Use 'const' instead                                             prefer-const
  116:3   error    'db' is never reassigned. Use 'const' instead                                              prefer-const
  420:13  warning  Unsafe assignment of an `any` value                                                        @typescript-eslint/no-unsafe-assignment
  420:45  warning  Unsafe member access .questions on an `any` value                                          @typescript-eslint/no-unsafe-member-access
  421:22  warning  Unsafe member access .length on an `any` value                                             @typescript-eslint/no-unsafe-member-access
  423:7   warning  Unsafe assignment of an `any` value                                                        @typescript-eslint/no-unsafe-assignment
  423:36  warning  Unsafe member access [0] on an `any` value                                                 @typescript-eslint/no-unsafe-member-access

C:\Users\Windows 10\Desktop\Personal\Studies\Research\EduToolV4\backend\src\seeds\seed-domain-data.ts
   619:11  warning  Unsafe assignment of an `any` value               @typescript-eslint/no-unsafe-assignment
   654:3   error    'programMap' is defined but never used            @typescript-eslint/no-unused-vars
   686:9   warning  Unsafe assignment of an error typed value         @typescript-eslint/no-unsafe-assignment
   686:13  warning  Unsafe call of a type that could not be resolved  @typescript-eslint/no-unsafe-call
   689:9   warning  Unsafe assignment of an `any` value               @typescript-eslint/no-unsafe-assignment
   689:17  warning  Unsafe member access .name on an `any` value      @typescript-eslint/no-unsafe-member-access
   690:9   warning  Unsafe assignment of an `any` value               @typescript-eslint/no-unsafe-assignment
   690:17  warning  Unsafe member access .type on an `any` value      @typescript-eslint/no-unsafe-member-access
   691:9   warning  Unsafe assignment of an `any` value               @typescript-eslint/no-unsafe-assignment
   691:19  warning  Unsafe member access .weight on an `any` value    @typescript-eslint/no-unsafe-member-access
   909:19  error    'code' is assigned a value but never used         @typescript-eslint/no-unused-vars
  1120:13  warning  Unsafe assignment of an error typed value         @typescript-eslint/no-unsafe-assignment
  1120:17  warning  Unsafe call of a type that could not be resolved  @typescript-eslint/no-unsafe-call
  1145:3   error    'levelMap' is defined but never used              @typescript-eslint/no-unused-vars
  1291:17  warning  Unsafe assignment of an error typed value         @typescript-eslint/no-unsafe-assignment
  1291:21  warning  Unsafe call of a type that could not be resolved  @typescript-eslint/no-unsafe-call

C:\Users\Windows 10\Desktop\Personal\Studies\Research\EduToolV4\backend\test\app.e2e-spec.ts
  27:25  warning  Unsafe member access .status on an `any` value   @typescript-eslint/no-unsafe-member-access
  28:25  warning  Unsafe member access .message on an `any` value  @typescript-eslint/no-unsafe-member-access

C:\Users\Windows 10\Desktop\Personal\Studies\Research\EduToolV4\backend\test\cross-semester-destruction.e2e-spec.ts
   36:30  warning  Unsafe call of a type that could not be resolved  @typescript-eslint/no-unsafe-call
   37:30  warning  Unsafe call of a type that could not be resolved  @typescript-eslint/no-unsafe-call
   38:30  warning  Unsafe call of a type that could not be resolved  @typescript-eslint/no-unsafe-call
  104:28  warning  Unsafe call of a type that could not be resolved  @typescript-eslint/no-unsafe-call
  105:32  warning  Unsafe call of a type that could not be resolved  @typescript-eslint/no-unsafe-call

C:\Users\Windows 10\Desktop\Personal\Studies\Research\EduToolV4\backend\test\lane1-item6-enrollment-approval-race.e2e-spec.ts
   65:9   error    'approvalService' is assigned a value but never used                 @typescript-eslint/no-unused-vars
   69:9   error    'registrarService' is assigned a value but never used                @typescript-eslint/no-unused-vars
   72:24  warning  Unsafe call of a type that could not be resolved                     @typescript-eslint/no-unsafe-call
   73:22  warning  Unsafe call of a type that could not be resolved                     @typescript-eslint/no-unsafe-call
   73:22  warning  Unsafe call of a type that could not be resolved                     @typescript-eslint/no-unsafe-call
   73:29  warning  Unsafe member access .slice on a type that cannot be resolved        @typescript-eslint/no-unsafe-member-access
   76:24  warning  Unsafe call of a type that could not be resolved                     @typescript-eslint/no-unsafe-call
   77:22  warning  Unsafe call of a type that could not be resolved                     @typescript-eslint/no-unsafe-call
   77:22  warning  Unsafe call of a type that could not be resolved                     @typescript-eslint/no-unsafe-call
   77:29  warning  Unsafe member access .slice on a type that cannot be resolved        @typescript-eslint/no-unsafe-member-access
   79:33  warning  Unsafe call of a type that could not be resolved                     @typescript-eslint/no-unsafe-call
  129:26  warning  Unsafe call of a type that could not be resolved                     @typescript-eslint/no-unsafe-call
  129:26  warning  Unsafe call of a type that could not be resolved                     @typescript-eslint/no-unsafe-call
  129:33  warning  Unsafe member access .slice on a type that cannot be resolved        @typescript-eslint/no-unsafe-member-access
  153:11  warning  Unsafe assignment of an error typed value                            @typescript-eslint/no-unsafe-assignment
  153:29  warning  Unsafe call of a type that could not be resolved                     @typescript-eslint/no-unsafe-call
  153:29  warning  Unsafe call of a type that could not be resolved                     @typescript-eslint/no-unsafe-call
  153:29  warning  Unsafe call of a type that could not be resolved                     @typescript-eslint/no-unsafe-call
  153:36  warning  Unsafe member access .slice on a type that cannot be resolved        @typescript-eslint/no-unsafe-member-access
  153:48  warning  Unsafe member access .toUpperCase on a type that cannot be resolved  @typescript-eslint/no-unsafe-member-access
  213:28  warning  Unsafe call of a type that could not be resolved                     @typescript-eslint/no-unsafe-call
  213:28  warning  Unsafe call of a type that could not be resolved                     @typescript-eslint/no-unsafe-call
  213:35  warning  Unsafe member access .slice on a type that cannot be resolved        @typescript-eslint/no-unsafe-member-access
  229:54  warning  Unsafe call of a type that could not be resolved                     @typescript-eslint/no-unsafe-call
  229:54  warning  Unsafe call of a type that could not be resolved                     @typescript-eslint/no-unsafe-call
  229:61  warning  Unsafe member access .slice on a type that cannot be resolved        @typescript-eslint/no-unsafe-member-access
  314:19  error    'inside' is assigned a value but never used                          @typescript-eslint/no-unused-vars
  365:17  error    'period' is assigned a value but never used                          @typescript-eslint/no-unused-vars

C:\Users\Windows 10\Desktop\Personal\Studies\Research\EduToolV4\backend\test\lane1-item7-application-rejection.guards.e2e-spec.ts
   66:23  warning  Unsafe call of a type that could not be resolved                        @typescript-eslint/no-unsafe-call
   67:21  warning  Unsafe call of a type that could not be resolved                        @typescript-eslint/no-unsafe-call
   67:21  warning  Unsafe call of a type that could not be resolved                        @typescript-eslint/no-unsafe-call
   67:28  warning  Unsafe member access .slice on a type that cannot be resolved           @typescript-eslint/no-unsafe-member-access
   69:33  warning  Unsafe call of a type that could not be resolved                        @typescript-eslint/no-unsafe-call
  130:26  warning  Unsafe call of a type that could not be resolved                        @typescript-eslint/no-unsafe-call
  130:26  warning  Unsafe call of a type that could not be resolved                        @typescript-eslint/no-unsafe-call
  130:33  warning  Unsafe member access .slice on a type that cannot be resolved           @typescript-eslint/no-unsafe-member-access
  168:35  warning  Unsafe call of a type that could not be resolved                        @typescript-eslint/no-unsafe-call
  168:35  warning  Unsafe call of a type that could not be resolved                        @typescript-eslint/no-unsafe-call
  168:42  warning  Unsafe member access .slice on a type that cannot be resolved           @typescript-eslint/no-unsafe-member-access
  187:13  warning  Unsafe argument of type `any` assigned to a parameter of type `string`  @typescript-eslint/no-unsafe-argument
  197:22  warning  Unsafe assignment of an `any` value                                     @typescript-eslint/no-unsafe-assignment
  212:15  warning  Unsafe assignment of an `any` value                                     @typescript-eslint/no-unsafe-assignment
  219:28  warning  Unsafe member access .reason on an `any` value                          @typescript-eslint/no-unsafe-member-access
  222:28  warning  Unsafe member access .personal_email on an `any` value                  @typescript-eslint/no-unsafe-member-access
  240:40  warning  Unsafe call of a type that could not be resolved                        @typescript-eslint/no-unsafe-call
  240:40  warning  Unsafe call of a type that could not be resolved                        @typescript-eslint/no-unsafe-call
  240:47  warning  Unsafe member access .slice on a type that cannot be resolved           @typescript-eslint/no-unsafe-member-access
  249:60  warning  Unsafe argument of type `any` assigned to a parameter of type `string`  @typescript-eslint/no-unsafe-argument
  258:11  warning  Unsafe assignment of an `any` value                                     @typescript-eslint/no-unsafe-assignment
  274:20  warning  Unsafe assignment of an `any` value                                     @typescript-eslint/no-unsafe-assignment
  283:57  warning  Unsafe argument of type `any` assigned to a parameter of type `string`  @typescript-eslint/no-unsafe-argument

C:\Users\Windows 10\Desktop\Personal\Studies\Research\EduToolV4\backend\test\lane1-item8-cross-sy-semester-template.e2e-spec.ts
  60:23  warning  Unsafe call of a type that could not be resolved               @typescript-eslint/no-unsafe-call
  61:21  warning  Unsafe call of a type that could not be resolved               @typescript-eslint/no-unsafe-call
  61:21  warning  Unsafe call of a type that could not be resolved               @typescript-eslint/no-unsafe-call
  61:28  warning  Unsafe member access .slice on a type that cannot be resolved  @typescript-eslint/no-unsafe-member-access

C:\Users\Windows 10\Desktop\Personal\Studies\Research\EduToolV4\backend\test\lane1-item9-enrollment-auto-unenroll.e2e-spec.ts
   64:24  warning  Unsafe call of a type that could not be resolved               @typescript-eslint/no-unsafe-call
   65:22  warning  Unsafe call of a type that could not be resolved               @typescript-eslint/no-unsafe-call
   65:22  warning  Unsafe call of a type that could not be resolved               @typescript-eslint/no-unsafe-call
   65:29  warning  Unsafe member access .slice on a type that cannot be resolved  @typescript-eslint/no-unsafe-member-access
   68:24  warning  Unsafe call of a type that could not be resolved               @typescript-eslint/no-unsafe-call
   69:22  warning  Unsafe call of a type that could not be resolved               @typescript-eslint/no-unsafe-call
   69:22  warning  Unsafe call of a type that could not be resolved               @typescript-eslint/no-unsafe-call
   69:29  warning  Unsafe member access .slice on a type that cannot be resolved  @typescript-eslint/no-unsafe-member-access
   72:24  warning  Unsafe call of a type that could not be resolved               @typescript-eslint/no-unsafe-call
   73:22  warning  Unsafe call of a type that could not be resolved               @typescript-eslint/no-unsafe-call
   73:22  warning  Unsafe call of a type that could not be resolved               @typescript-eslint/no-unsafe-call
   73:29  warning  Unsafe member access .slice on a type that cannot be resolved  @typescript-eslint/no-unsafe-member-access
   75:33  warning  Unsafe call of a type that could not be resolved               @typescript-eslint/no-unsafe-call
  121:28  warning  Unsafe call of a type that could not be resolved               @typescript-eslint/no-unsafe-call
  121:28  warning  Unsafe call of a type that could not be resolved               @typescript-eslint/no-unsafe-call
  121:35  warning  Unsafe member access .slice on a type that cannot be resolved  @typescript-eslint/no-unsafe-member-access
  140:46  warning  Unsafe call of a type that could not be resolved               @typescript-eslint/no-unsafe-call
  140:46  warning  Unsafe call of a type that could not be resolved               @typescript-eslint/no-unsafe-call
  140:53  warning  Unsafe member access .slice on a type that cannot be resolved  @typescript-eslint/no-unsafe-member-access
  168:53  warning  Unsafe call of a type that could not be resolved               @typescript-eslint/no-unsafe-call
  168:53  warning  Unsafe call of a type that could not be resolved               @typescript-eslint/no-unsafe-call
  168:60  warning  Unsafe member access .slice on a type that cannot be resolved  @typescript-eslint/no-unsafe-member-access

C:\Users\Windows 10\Desktop\Personal\Studies\Research\EduToolV4\backend\test\late-enrollment-grading.e2e-spec.ts
  117:33  warning  Unsafe call of a type that could not be resolved                                                @typescript-eslint/no-unsafe-call
  117:33  warning  Unsafe call of a type that could not be resolved                                                @typescript-eslint/no-unsafe-call
  117:40  warning  Unsafe member access .slice on a type that cannot be resolved                                   @typescript-eslint/no-unsafe-member-access
  127:21  warning  Unsafe call of a type that could not be resolved                                                @typescript-eslint/no-unsafe-call
  127:21  warning  Unsafe call of a type that could not be resolved                                                @typescript-eslint/no-unsafe-call
  127:28  warning  Unsafe member access .slice on a type that cannot be resolved                                   @typescript-eslint/no-unsafe-member-access
  190:11  warning  Unsafe assignment of an `any` value                                                             @typescript-eslint/no-unsafe-assignment
  191:21  warning  Unsafe call of a type that could not be resolved                                                @typescript-eslint/no-unsafe-call
  191:21  warning  Unsafe call of a type that could not be resolved                                                @typescript-eslint/no-unsafe-call
  191:28  warning  Unsafe member access .slice on a type that cannot be resolved                                   @typescript-eslint/no-unsafe-member-access
  234:28  error    'label' is defined but never used                                                               @typescript-eslint/no-unused-vars
  351:5   error    'subB1Id' is never reassigned. Use 'const' instead                                              prefer-const
  352:5   error    'subP1Id' is never reassigned. Use 'const' instead                                              prefer-const
  370:25  warning  Unsafe member access .__subB1Id on an `any` value                                               @typescript-eslint/no-unsafe-member-access
  371:25  warning  Unsafe member access .__subP1Id on an `any` value                                               @typescript-eslint/no-unsafe-member-access
  395:21  warning  Unsafe member access .studentId on an `any` value                                               @typescript-eslint/no-unsafe-member-access
  399:61  warning  Unsafe member access .type on an `any` value                                                    @typescript-eslint/no-unsafe-member-access
  401:23  warning  Unsafe member access .type on an `any` value                                                    @typescript-eslint/no-unsafe-member-access
  445:25  warning  Unsafe member access .studentId on an `any` value                                               @typescript-eslint/no-unsafe-member-access
  447:15  warning  Unsafe assignment of an `any` value                                                             @typescript-eslint/no-unsafe-assignment
  448:25  warning  Unsafe member access .assessmentId on an `any` value                                            @typescript-eslint/no-unsafe-member-access
  450:19  warning  Unsafe member access .included on an `any` value                                                @typescript-eslint/no-unsafe-member-access
  451:19  warning  Unsafe member access .inclusionReason on an `any` value                                         @typescript-eslint/no-unsafe-member-access
  512:15  warning  Unsafe assignment of an `any` value                                                             @typescript-eslint/no-unsafe-assignment
  512:75  warning  Unsafe member access .data on an `any` value                                                    @typescript-eslint/no-unsafe-member-access
  513:15  warning  Unsafe assignment of an `any` value                                                             @typescript-eslint/no-unsafe-assignment
  513:20  warning  Unsafe call of an `any` typed value                                                             @typescript-eslint/no-unsafe-call
  513:31  warning  Unsafe member access .find on an `any` value                                                    @typescript-eslint/no-unsafe-member-access
  513:50  warning  Unsafe member access .assessmentId on an `any` value                                            @typescript-eslint/no-unsafe-member-access
  514:19  warning  Unsafe member access .overrideStatus on an `any` value                                          @typescript-eslint/no-unsafe-member-access
  515:19  warning  Unsafe member access .countsTowardGrade on an `any` value                                       @typescript-eslint/no-unsafe-member-access
  560:11  warning  Unsafe argument of type `any` assigned to a parameter of type `SetAssessmentStatusOverrideDto`  @typescript-eslint/no-unsafe-argument
  610:18  warning  Unsafe assignment of an `any` value                                                             @typescript-eslint/no-unsafe-assignment
  610:42  warning  Unsafe member access .__subB1Id on an `any` value                                               @typescript-eslint/no-unsafe-member-access
  632:11  warning  Unsafe argument of type `any` assigned to a parameter of type `SetAssessmentStatusOverrideDto`  @typescript-eslint/no-unsafe-argument
  662:25  warning  Unsafe member access .studentId on an `any` value                                               @typescript-eslint/no-unsafe-member-access
  665:25  warning  Unsafe member access .type on an `any` value                                                    @typescript-eslint/no-unsafe-member-access

C:\Users\Windows 10\Desktop\Personal\Studies\Research\EduToolV4\backend\test\org-seeder.e2e-spec.ts
    9:10  error    'execSync' is defined but never used                                                                                                                                @typescript-eslint/no-unused-vars
  250:29  warning  Unsafe call of a type that could not be resolved                                                                                                                    @typescript-eslint/no-unsafe-call
  251:34  warning  Unsafe call of a type that could not be resolved                                                                                                                    @typescript-eslint/no-unsafe-call
  252:32  warning  Unsafe call of a type that could not be resolved                                                                                                                    @typescript-eslint/no-unsafe-call
  343:80  error    Async arrow function has no 'await' expression                                                                                                                      @typescript-eslint/require-await
  344:5   warning  Promises must be awaited, end with a call to .catch, end with a call to .then with a rejection handler or be explicitly marked as ignored with the `void` operator  @typescript-eslint/no-floating-promises
  644:5   warning  Promises must be awaited, end with a call to .catch, end with a call to .then with a rejection handler or be explicitly marked as ignored with the `void` operator  @typescript-eslint/no-floating-promises
  751:7   error    Expected an assignment or function call and instead saw an expression                                                                                               @typescript-eslint/no-unused-expressions

✖ 1829 problems (70 errors, 1759 warnings)

